gameId,timestamp,hash,data/id,data/day,data/phase,data/rules,data/shame,data/inning,data/season,data/weather,data/awayOdds,data/awayOuts,data/awayTeam,data/homeOdds,data/homeOuts,data/homeTeam,data/awayBalls,data/awayBases,data/awayScore,data/finalized,data/gameStart,data/homeBalls,data/homeBases,data/homeScore,data/playCount,data/statsheet,data/atBatBalls,data/lastUpdate,data/tournament,data/awayStrikes,data/homeStrikes,data/repeatCount,data/scoreLedger,data/scoreUpdate,data/seriesIndex,data/terminology,data/topOfInning,data/atBatStrikes,data/awayTeamName,data/gameComplete,data/homeTeamName,data/isPostseason,data/isTitleMatch,data/seriesLength,data/awayBatterMod,data/awayTeamColor,data/awayTeamEmoji,data/homeBatterMod,data/homeTeamColor,data/homeTeamEmoji,data/awayBatterName,data/awayPitcherMod,data/gameStartPhase,data/halfInningOuts,data/homeBatterName,data/homePitcherMod,data/newInningPhase,data/topInningScore,data/awayPitcherName,data/baserunnerCount,data/halfInningScore,data/homePitcherName,data/awayTeamNickname,data/homeTeamNickname,data/bottomInningScore,data/awayTeamBatterCount,data/homeTeamBatterCount,data/awayTeamSecondaryColor,data/homeTeamSecondaryColor,data/awayPitcher,data/homePitcher,data/awayBatter,data/baseRunners/0,data/basesOccupied/0,data/baseRunnerMods/0,data/baseRunnerNames/0,data/homeBatter
e10e1044-24dd-41c4-b5cf-2653064d1a1b,2021-03-08T08:00:33.995797Z,86ef7d2a-8745-9110-4a3d-b17a5654a5ec,e10e1044-24dd-41c4-b5cf-2653064d1a1b,36,0,4ae9d46a-5408-460a-84fb-cbd8d03fff6c,false,0,12,12,0,3,8d87c468-699a-47a8-b40d-cfb73a5660ad,0,3,7966eb04-efcc-499b-8f03-d13916330531,4,4,0,false,false,4,4,0,0,ff821670-6d1a-46fb-9399-621da1f047c5,0,,-1,4,3,0,,,1,b67e9bbb-1495-4e1b-b517-f1444b0a6c8b,true,0,Baltimore Crabs,false,Yellowstone Magic,false,false,3,,#593037,0x1F980,,#bf0043,0x2728,,,-1,0,,,-1,0,,0,0,,Crabs,Magic,0,0,0,#b05c6b,#f60f63,,,,,,,,
e10e1044-24dd-41c4-b5cf-2653064d1a1b,2021-03-10T04:00:30.120524Z,4f6a399e-e373-984d-b185-e17ed7a3e875,e10e1044-24dd-41c4-b5cf-2653064d1a1b,36,0,4ae9d46a-5408-460a-84fb-cbd8d03fff6c,false,0,12,12,0.5877933690339231,3,8d87c468-699a-47a8-b40d-cfb73a5660ad,0.412206630966077,3,7966eb04-efcc-499b-8f03-d13916330531,4,4,0,false,false,4,4,0,0,ff821670-6d1a-46fb-9399-621da1f047c5,0,,-1,4,3,0,,,1,b67e9bbb-1495-4e1b-b517-f1444b0a6c8b,true,0,Baltimore Crabs,false,Yellowstone Magic,false,false,3,,#593037,0x1F980,,#bf0043,0x2728,,,-1,0,,,-1,0,Brock Forbes,0,0,Logan Rodriguez,Crabs,Magic,0,0,0,#b05c6b,#f60f63,97dfc1f6-ac94-4cdc-b0d5-1cb9f8984aa5,8adb084b-19fe-4295-bcd2-f92afdb62bd7,,,,,,
e10e1044-24dd-41c4-b5cf-2653064d1a1b,2021-03-10T05:00:01.616259Z,153d365f-525e-70c8-eee2-98700a4b4fb4,e10e1044-24dd-41c4-b5cf-2653064d1a1b,36,2,4ae9d46a-5408-460a-84fb-cbd8d03fff6c,false,-1,12,12,0.5877933690339231,3,8d87c468-699a-47a8-b40d-cfb73a5660ad,0.412206630966077,3,7966eb04-efcc-499b-8f03-d13916330531,4,4,0,false,true,4,4,0,2,ff821670-6d1a-46fb-9399-621da1f047c5,0,Play ball!,-1,4,3,0,,,1,b67e9bbb-1495-4e1b-b517-f1444b0a6c8b,false,0,Baltimore Crabs,false,Yellowstone Magic,false,false,3,,#593037,0x1F980,,#bf0043,0x2728,,,-1,0,,,-1,0,,0,0,,Crabs,Magic,0,-1,-1,#b05c6b,#f60f63,,,,,,,,
e10e1044-24dd-41c4-b5cf-2653064d1a1b,2021-03-10T05:00:06.620939Z,4b1456ae-2d54-4862-fef4-23a0e698f42d,e10e1044-24dd-41c4-b5cf-2653064d1a1b,36,6,4ae9d46a-5408-460a-84fb-cbd8d03fff6c,false,0,12,12,0.5877933690339231,3,8d87c468-699a-47a8-b40d-cfb73a5660ad,0.412206630966077,3,7966eb04-efcc-499b-8f03-d13916330531,4,4,0,false,true,4,4,0,3,ff821670-6d1a-46fb-9399-621da1f047c5,0,"Top of 1, Baltimore Crabs batting.",-1,4,3,0,,,1,b67e9bbb-1495-4e1b-b517-f1444b0a6c8b,true,0,Baltimore Crabs,false,Yellowstone Magic,false,false,3,,#593037,0x1F980,,#bf0043,0x2728,,,10,0,,,-1,0,Brock Forbes,0,0,Logan Rodriguez,Crabs,Magic,0,-1,-1,#b05c6b,#f60f63,97dfc1f6-ac94-4cdc-b0d5-1cb9f8984aa5,8adb084b-19fe-4295-bcd2-f92afdb62bd7,,,,,,
e10e1044-24dd-41c4-b5cf-2653064d1a1b,2021-03-10T05:00:11.868239Z,dd699145-59a6-7f5b-1444-b1adf3ee9ce4,e10e1044-24dd-41c4-b5cf-2653064d1a1b,36,6,4ae9d46a-5408-460a-84fb-cbd8d03fff6c,false,0,12,12,0.5877933690339231,3,8d87c468-699a-47a8-b40d-cfb73a5660ad,0.412206630966077,3,7966eb04-efcc-499b-8f03-d13916330531,4,4,0,false,true,4,4,0,4,ff821670-6d1a-46fb-9399-621da1f047c5,0,Tot Fox batting for the Crabs.,-1,4,3,0,,,1,b67e9bbb-1495-4e1b-b517-f1444b0a6c8b,true,0,Baltimore Crabs,false,Yellowstone Magic,false,false,3,,#593037,0x1F980,,#bf0043,0x2728,Tot Fox,,10,0,,,-1,0,Brock Forbes,0,0,Logan Rodriguez,Crabs,Magic,0,0,-1,#b05c6b,#f60f63,97dfc1f6-ac94-4cdc-b0d5-1cb9f8984aa5,8adb084b-19fe-4295-bcd2-f92afdb62bd7,90c2cec7-0ed5-426a-9de8-754f34d59b39,,,,,
e10e1044-24dd-41c4-b5cf-2653064d1a1b,2021-03-10T05:00:16.609485Z,2d89b0e3-e4f1-9da7-3cbc-f5f3ca8db73e,e10e1044-24dd-41c4-b5cf-2653064d1a1b,36,6,4ae9d46a-5408-460a-84fb-cbd8d03fff6c,false,0,12,12,0.5877933690339231,3,8d87c468-699a-47a8-b40d-cfb73a5660ad,0.412206630966077,3,7966eb04-efcc-499b-8f03-d13916330531,4,4,0,false,true,4,4,0,5,ff821670-6d1a-46fb-9399-621da1f047c5,0,"Strike, flinching. 0-1",-1,4,3,0,,,1,b67e9bbb-1495-4e1b-b517-f1444b0a6c8b,true,1,Baltimore Crabs,false,Yellowstone Magic,false,false,3,,#593037,0x1F980,,#bf0043,0x2728,Tot Fox,,10,0,,,-1,0,Brock Forbes,0,0,Logan Rodriguez,Crabs,Magic,0,0,-1,#b05c6b,#f60f63,97dfc1f6-ac94-4cdc-b0d5-1cb9f8984aa5,8adb084b-19fe-4295-bcd2-f92afdb62bd7,90c2cec7-0ed5-426a-9de8-754f34d59b39,,,,,
e10e1044-24dd-41c4-b5cf-2653064d1a1b,2021-03-10T05:00:21.618723Z,75c6c36d-7cbc-eb0d-78e3-be210fed1ffe,e10e1044-24dd-41c4-b5cf-2653064d1a1b,36,6,4ae9d46a-5408-460a-84fb-cbd8d03fff6c,false,0,12,12,0.5877933690339231,3,8d87c468-699a-47a8-b40d-cfb73a5660ad,0.412206630966077,3,7966eb04-efcc-499b-8f03-d13916330531,4,4,0,false,true,4,4,0,6,ff821670-6d1a-46fb-9399-621da1f047c5,0,Tot Fox hit a ground out to Bonk Jokes.,-1,4,3,0,,,1,b67e9bbb-1495-4e1b-b517-f1444b0a6c8b,true,0,Baltimore Crabs,false,Yellowstone Magic,false,false,3,,#593037,0x1F980,,#bf0043,0x2728,,,10,1,,,-1,0,Brock Forbes,0,0,Logan Rodriguez,Crabs,Magic,0,0,-1,#b05c6b,#f60f63,97dfc1f6-ac94-4cdc-b0d5-1cb9f8984aa5,8adb084b-19fe-4295-bcd2-f92afdb62bd7,,,,,,
e10e1044-24dd-41c4-b5cf-2653064d1a1b,2021-03-10T05:00:26.616051Z,a864b963-7121-3d07-85e9-718791644311,e10e1044-24dd-41c4-b5cf-2653064d1a1b,36,6,4ae9d46a-5408-460a-84fb-cbd8d03fff6c,false,0,12,12,0.5877933690339231,3,8d87c468-699a-47a8-b40d-cfb73a5660ad,0.412206630966077,3,7966eb04-efcc-499b-8f03-d13916330531,4,4,0,false,true,4,4,0,7,ff821670-6d1a-46fb-9399-621da1f047c5,0,Luis Acevedo batting for the Crabs.,-1,4,3,0,,,1,b67e9bbb-1495-4e1b-b517-f1444b0a6c8b,true,0,Baltimore Crabs,false,Yellowstone Magic,false,false,3,,#593037,0x1F980,,#bf0043,0x2728,Luis Acevedo,,10,1,,,-1,0,Brock Forbes,0,0,Logan Rodriguez,Crabs,Magic,0,1,-1,#b05c6b,#f60f63,97dfc1f6-ac94-4cdc-b0d5-1cb9f8984aa5,8adb084b-19fe-4295-bcd2-f92afdb62bd7,425f3f84-bab0-4cf2-91c1-96e78cf5cd02,,,,,
e10e1044-24dd-41c4-b5cf-2653064d1a1b,2021-03-10T05:00:31.606091Z,5baf1fd2-7617-bb66-aa54-33b4f0a58082,e10e1044-24dd-41c4-b5cf-2653064d1a1b,36,6,4ae9d46a-5408-460a-84fb-cbd8d03fff6c,false,0,12,12,0.5877933690339231,3,8d87c468-699a-47a8-b40d-cfb73a5660ad,0.412206630966077,3,7966eb04-efcc-499b-8f03-d13916330531,4,4,0,false,true,4,4,0,8,ff821670-6d1a-46fb-9399-621da1f047c5,1,Ball. 1-0,-1,4,3,0,,,1,b67e9bbb-1495-4e1b-b517-f1444b0a6c8b,true,0,Baltimore Crabs,false,Yellowstone Magic,false,false,3,,#593037,0x1F980,,#bf0043,0x2728,Luis Acevedo,,10,1,,,-1,0,Brock Forbes,0,0,Logan Rodriguez,Crabs,Magic,0,1,-1,#b05c6b,#f60f63,97dfc1f6-ac94-4cdc-b0d5-1cb9f8984aa5,8adb084b-19fe-4295-bcd2-f92afdb62bd7,425f3f84-bab0-4cf2-91c1-96e78cf5cd02,,,,,
e10e1044-24dd-41c4-b5cf-2653064d1a1b,2021-03-10T05:00:36.606592Z,7f37e532-0d67-1e76-c4b7-c71b13b8a20b,e10e1044-24dd-41c4-b5cf-2653064d1a1b,36,6,4ae9d46a-5408-460a-84fb-cbd8d03fff6c,false,0,12,12,0.5877933690339231,3,8d87c468-699a-47a8-b40d-cfb73a5660ad,0.412206630966077,3,7966eb04-efcc-499b-8f03-d13916330531,4,4,0,false,true,4,4,0,9,ff821670-6d1a-46fb-9399-621da1f047c5,1,"Strike, flinching. 1-1",-1,4,3,0,,,1,b67e9bbb-1495-4e1b-b517-f1444b0a6c8b,true,1,Baltimore Crabs,false,Yellowstone Magic,false,false,3,,#593037,0x1F980,,#bf0043,0x2728,Luis Acevedo,,10,1,,,-1,0,Brock Forbes,0,0,Logan Rodriguez,Crabs,Magic,0,1,-1,#b05c6b,#f60f63,97dfc1f6-ac94-4cdc-b0d5-1cb9f8984aa5,8adb084b-19fe-4295-bcd2-f92afdb62bd7,425f3f84-bab0-4cf2-91c1-96e78cf5cd02,,,,,
e10e1044-24dd-41c4-b5cf-2653064d1a1b,2021-03-10T05:00:41.605939Z,884abdf0-4a7e-48a5-03a9-a1005f9427c4,e10e1044-24dd-41c4-b5cf-2653064d1a1b,36,6,4ae9d46a-5408-460a-84fb-cbd8d03fff6c,false,0,12,12,0.5877933690339231,3,8d87c468-699a-47a8-b40d-cfb73a5660ad,0.412206630966077,3,7966eb04-efcc-499b-8f03-d13916330531,4,4,0,false,true,4,4,0,10,ff821670-6d1a-46fb-9399-621da1f047c5,2,Ball. 2-1,-1,4,3,0,,,1,b67e9bbb-1495-4e1b-b517-f1444b0a6c8b,true,1,Baltimore Crabs,false,Yellowstone Magic,false,false,3,,#593037,0x1F980,,#bf0043,0x2728,Luis Acevedo,,10,1,,,-1,0,Brock Forbes,0,0,Logan Rodriguez,Crabs,Magic,0,1,-1,#b05c6b,#f60f63,97dfc1f6-ac94-4cdc-b0d5-1cb9f8984aa5,8adb084b-19fe-4295-bcd2-f92afdb62bd7,425f3f84-bab0-4cf2-91c1-96e78cf5cd02,,,,,
e10e1044-24dd-41c4-b5cf-2653064d1a1b,2021-03-10T05:00:46.605602Z,ffc9b2c1-469c-7e73-6078-5e39094326c6,e10e1044-24dd-41c4-b5cf-2653064d1a1b,36,6,4ae9d46a-5408-460a-84fb-cbd8d03fff6c,false,0,12,12,0.5877933690339231,3,8d87c468-699a-47a8-b40d-cfb73a5660ad,0.412206630966077,3,7966eb04-efcc-499b-8f03-d13916330531,4,4,0,false,true,4,4,0,11,ff821670-6d1a-46fb-9399-621da1f047c5,2,"Strike, looking. 2-2",-1,4,3,0,,,1,b67e9bbb-1495-4e1b-b517-f1444b0a6c8b,true,2,Baltimore Crabs,false,Yellowstone Magic,false,false,3,,#593037,0x1F980,,#bf0043,0x2728,Luis Acevedo,,10,1,,,-1,0,Brock Forbes,0,0,Logan Rodriguez,Crabs,Magic,0,1,-1,#b05c6b,#f60f63,97dfc1f6-ac94-4cdc-b0d5-1cb9f8984aa5,8adb084b-19fe-4295-bcd2-f92afdb62bd7,425f3f84-bab0-4cf2-91c1-96e78cf5cd02,,,,,
e10e1044-24dd-41c4-b5cf-2653064d1a1b,2021-03-10T05:00:51.608219Z,cee15045-3474-0cb7-2bfd-fe85645ec566,e10e1044-24dd-41c4-b5cf-2653064d1a1b,36,6,4ae9d46a-5408-460a-84fb-cbd8d03fff6c,false,0,12,12,0.5877933690339231,3,8d87c468-699a-47a8-b40d-cfb73a5660ad,0.412206630966077,3,7966eb04-efcc-499b-8f03-d13916330531,4,4,0,false,true,4,4,0,12,ff821670-6d1a-46fb-9399-621da1f047c5,3,Ball. 3-2,-1,4,3,0,,,1,b67e9bbb-1495-4e1b-b517-f1444b0a6c8b,true,2,Baltimore Crabs,false,Yellowstone Magic,false,false,3,,#593037,0x1F980,,#bf0043,0x2728,Luis Acevedo,,10,1,,,-1,0,Brock Forbes,0,0,Logan Rodriguez,Crabs,Magic,0,1,-1,#b05c6b,#f60f63,97dfc1f6-ac94-4cdc-b0d5-1cb9f8984aa5,8adb084b-19fe-4295-bcd2-f92afdb62bd7,425f3f84-bab0-4cf2-91c1-96e78cf5cd02,,,,,
e10e1044-24dd-41c4-b5cf-2653064d1a1b,2021-03-10T05:00:56.611885Z,8a9121e1-7aff-b0df-a679-bcbbcb3557d4,e10e1044-24dd-41c4-b5cf-2653064d1a1b,36,6,4ae9d46a-5408-460a-84fb-cbd8d03fff6c,false,0,12,12,0.5877933690339231,3,8d87c468-699a-47a8-b40d-cfb73a5660ad,0.412206630966077,3,7966eb04-efcc-499b-8f03-d13916330531,4,4,0,false,true,4,4,0,13,ff821670-6d1a-46fb-9399-621da1f047c5,3,Foul Ball. 3-3,-1,4,3,0,,,1,b67e9bbb-1495-4e1b-b517-f1444b0a6c8b,true,3,Baltimore Crabs,false,Yellowstone Magic,false,false,3,,#593037,0x1F980,,#bf0043,0x2728,Luis Acevedo,,10,1,,,-1,0,Brock Forbes,0,0,Logan Rodriguez,Crabs,Magic,0,1,-1,#b05c6b,#f60f63,97dfc1f6-ac94-4cdc-b0d5-1cb9f8984aa5,8adb084b-19fe-4295-bcd2-f92afdb62bd7,425f3f84-bab0-4cf2-91c1-96e78cf5cd02,,,,,
e10e1044-24dd-41c4-b5cf-2653064d1a1b,2021-03-10T05:01:01.609294Z,d7ba09e9-525b-085e-03d1-e6382527dc18,e10e1044-24dd-41c4-b5cf-2653064d1a1b,36,6,4ae9d46a-5408-460a-84fb-cbd8d03fff6c,false,0,12,12,0.5877933690339231,3,8d87c468-699a-47a8-b40d-cfb73a5660ad,0.412206630966077,3,7966eb04-efcc-499b-8f03-d13916330531,4,4,0,false,true,4,4,0,14,ff821670-6d1a-46fb-9399-621da1f047c5,0,Luis Acevedo strikes out looking.,-1,4,3,0,,,1,b67e9bbb-1495-4e1b-b517-f1444b0a6c8b,true,0,Baltimore Crabs,false,Yellowstone Magic,false,false,3,,#593037,0x1F980,,#bf0043,0x2728,,,10,2,,,-1,0,Brock Forbes,0,0,Logan Rodriguez,Crabs,Magic,0,1,-1,#b05c6b,#f60f63,97dfc1f6-ac94-4cdc-b0d5-1cb9f8984aa5,8adb084b-19fe-4295-bcd2-f92afdb62bd7,,,,,,
e10e1044-24dd-41c4-b5cf-2653064d1a1b,2021-03-10T05:01:06.614406Z,52e74050-1a7d-7489-998f-d9000451b59b,e10e1044-24dd-41c4-b5cf-2653064d1a1b,36,6,4ae9d46a-5408-460a-84fb-cbd8d03fff6c,false,0,12,12,0.5877933690339231,3,8d87c468-699a-47a8-b40d-cfb73a5660ad,0.412206630966077,3,7966eb04-efcc-499b-8f03-d13916330531,4,4,0,false,true,4,4,0,15,ff821670-6d1a-46fb-9399-621da1f047c5,0,Silvaire Roadhouse batting for the Crabs.,-1,4,3,0,,,1,b67e9bbb-1495-4e1b-b517-f1444b0a6c8b,true,0,Baltimore Crabs,false,Yellowstone Magic,false,false,3,,#593037,0x1F980,,#bf0043,0x2728,Silvaire Roadhouse,,10,2,,,-1,0,Brock Forbes,0,0,Logan Rodriguez,Crabs,Magic,0,2,-1,#b05c6b,#f60f63,97dfc1f6-ac94-4cdc-b0d5-1cb9f8984aa5,8adb084b-19fe-4295-bcd2-f92afdb62bd7,c6a19154-7438-4c4f-b786-2dfaf5951f0f,,,,,
e10e1044-24dd-41c4-b5cf-2653064d1a1b,2021-03-10T05:01:11.617422Z,f04551dd-f26f-48e1-53f7-a888a65fa40a,e10e1044-24dd-41c4-b5cf-2653064d1a1b,36,6,4ae9d46a-5408-460a-84fb-cbd8d03fff6c,false,0,12,12,0.5877933690339231,3,8d87c468-699a-47a8-b40d-cfb73a5660ad,0.412206630966077,3,7966eb04-efcc-499b-8f03-d13916330531,4,4,0,false,true,4,4,0,16,ff821670-6d1a-46fb-9399-621da1f047c5,1,Ball. 1-0,-1,4,3,0,,,1,b67e9bbb-1495-4e1b-b517-f1444b0a6c8b,true,0,Baltimore Crabs,false,Yellowstone Magic,false,false,3,,#593037,0x1F980,,#bf0043,0x2728,Silvaire Roadhouse,,10,2,,,-1,0,Brock Forbes,0,0,Logan Rodriguez,Crabs,Magic,0,2,-1,#b05c6b,#f60f63,97dfc1f6-ac94-4cdc-b0d5-1cb9f8984aa5,8adb084b-19fe-4295-bcd2-f92afdb62bd7,c6a19154-7438-4c4f-b786-2dfaf5951f0f,,,,,
e10e1044-24dd-41c4-b5cf-2653064d1a1b,2021-03-10T05:01:16.598963Z,9e441edc-f9c4-08ad-a099-6ae262e702ba,e10e1044-24dd-41c4-b5cf-2653064d1a1b,36,6,4ae9d46a-5408-460a-84fb-cbd8d03fff6c,false,0,12,12,0.5877933690339231,3,8d87c468-699a-47a8-b40d-cfb73a5660ad,0.412206630966077,3,7966eb04-efcc-499b-8f03-d13916330531,4,4,0,false,true,4,4,0,17,ff821670-6d1a-46fb-9399-621da1f047c5,1,"Strike, flinching. 1-1",-1,4,3,0,,,1,b67e9bbb-1495-4e1b-b517-f1444b0a6c8b,true,1,Baltimore Crabs,false,Yellowstone Magic,false,false,3,,#593037,0x1F980,,#bf0043,0x2728,Silvaire Roadhouse,,10,2,,,-1,0,Brock Forbes,0,0,Logan Rodriguez,Crabs,Magic,0,2,-1,#b05c6b,#f60f63,97dfc1f6-ac94-4cdc-b0d5-1cb9f8984aa5,8adb084b-19fe-4295-bcd2-f92afdb62bd7,c6a19154-7438-4c4f-b786-2dfaf5951f0f,,,,,
e10e1044-24dd-41c4-b5cf-2653064d1a1b,2021-03-10T05:01:21.612159Z,016dc202-30c6-7686-2570-886b9c4c1e29,e10e1044-24dd-41c4-b5cf-2653064d1a1b,36,6,4ae9d46a-5408-460a-84fb-cbd8d03fff6c,false,0,12,12,0.5877933690339231,3,8d87c468-699a-47a8-b40d-cfb73a5660ad,0.412206630966077,3,7966eb04-efcc-499b-8f03-d13916330531,4,4,0,false,true,4,4,0,18,ff821670-6d1a-46fb-9399-621da1f047c5,2,Ball. 2-1,-1,4,3,0,,,1,b67e9bbb-1495-4e1b-b517-f1444b0a6c8b,true,1,Baltimore Crabs,false,Yellowstone Magic,false,false,3,,#593037,0x1F980,,#bf0043,0x2728,Silvaire Roadhouse,,10,2,,,-1,0,Brock Forbes,0,0,Logan Rodriguez,Crabs,Magic,0,2,-1,#b05c6b,#f60f63,97dfc1f6-ac94-4cdc-b0d5-1cb9f8984aa5,8adb084b-19fe-4295-bcd2-f92afdb62bd7,c6a19154-7438-4c4f-b786-2dfaf5951f0f,,,,,
e10e1044-24dd-41c4-b5cf-2653064d1a1b,2021-03-10T05:01:26.59738Z,49682fb6-054b-b139-d133-3612dd84e5a6,e10e1044-24dd-41c4-b5cf-2653064d1a1b,36,6,4ae9d46a-5408-460a-84fb-cbd8d03fff6c,false,0,12,12,0.5877933690339231,3,8d87c468-699a-47a8-b40d-cfb73a5660ad,0.412206630966077,3,7966eb04-efcc-499b-8f03-d13916330531,4,4,0,false,true,4,4,0,19,ff821670-6d1a-46fb-9399-621da1f047c5,3,Ball. 3-1,-1,4,3,0,,,1,b67e9bbb-1495-4e1b-b517-f1444b0a6c8b,true,1,Baltimore Crabs,false,Yellowstone Magic,false,false,3,,#593037,0x1F980,,#bf0043,0x2728,Silvaire Roadhouse,,10,2,,,-1,0,Brock Forbes,0,0,Logan Rodriguez,Crabs,Magic,0,2,-1,#b05c6b,#f60f63,97dfc1f6-ac94-4cdc-b0d5-1cb9f8984aa5,8adb084b-19fe-4295-bcd2-f92afdb62bd7,c6a19154-7438-4c4f-b786-2dfaf5951f0f,,,,,
e10e1044-24dd-41c4-b5cf-2653064d1a1b,2021-03-10T05:01:31.612414Z,66ef84ca-012c-d1df-3805-1f83b1a0ce04,e10e1044-24dd-41c4-b5cf-2653064d1a1b,36,6,4ae9d46a-5408-460a-84fb-cbd8d03fff6c,false,0,12,12,0.5877933690339231,3,8d87c468-699a-47a8-b40d-cfb73a5660ad,0.412206630966077,3,7966eb04-efcc-499b-8f03-d13916330531,4,4,0,false,true,4,4,0,20,ff821670-6d1a-46fb-9399-621da1f047c5,3,"Strike, looking. 3-2",-1,4,3,0,,,1,b67e9bbb-1495-4e1b-b517-f1444b0a6c8b,true,2,Baltimore Crabs,false,Yellowstone Magic,false,false,3,,#593037,0x1F980,,#bf0043,0x2728,Silvaire Roadhouse,,10,2,,,-1,0,Brock Forbes,0,0,Logan Rodriguez,Crabs,Magic,0,2,-1,#b05c6b,#f60f63,97dfc1f6-ac94-4cdc-b0d5-1cb9f8984aa5,8adb084b-19fe-4295-bcd2-f92afdb62bd7,c6a19154-7438-4c4f-b786-2dfaf5951f0f,,,,,
e10e1044-24dd-41c4-b5cf-2653064d1a1b,2021-03-10T05:01:36.630177Z,2f59f797-f705-b63a-8f9e-c959e4695557,e10e1044-24dd-41c4-b5cf-2653064d1a1b,36,6,4ae9d46a-5408-460a-84fb-cbd8d03fff6c,false,0,12,12,0.5877933690339231,3,8d87c468-699a-47a8-b40d-cfb73a5660ad,0.412206630966077,3,7966eb04-efcc-499b-8f03-d13916330531,4,4,0,false,true,4,4,0,21,ff821670-6d1a-46fb-9399-621da1f047c5,0,Silvaire Roadhouse draws a walk.,-1,4,3,0,,,1,b67e9bbb-1495-4e1b-b517-f1444b0a6c8b,true,0,Baltimore Crabs,false,Yellowstone Magic,false,false,3,,#593037,0x1F980,,#bf0043,0x2728,,,10,2,,,-1,0,Brock Forbes,1,0,Logan Rodriguez,Crabs,Magic,0,2,-1,#b05c6b,#f60f63,97dfc1f6-ac94-4cdc-b0d5-1cb9f8984aa5,8adb084b-19fe-4295-bcd2-f92afdb62bd7,,c6a19154-7438-4c4f-b786-2dfaf5951f0f,0,,Silvaire Roadhouse,
e10e1044-24dd-41c4-b5cf-2653064d1a1b,2021-03-10T05:01:41.612983Z,24ccb082-ca06-757b-3d84-b78cf8c8ac76,e10e1044-24dd-41c4-b5cf-2653064d1a1b,36,6,4ae9d46a-5408-460a-84fb-cbd8d03fff6c,false,0,12,12,0.5877933690339231,3,8d87c468-699a-47a8-b40d-cfb73a5660ad,0.412206630966077,3,7966eb04-efcc-499b-8f03-d13916330531,4,4,0,false,true,4,4,0,22,ff821670-6d1a-46fb-9399-621da1f047c5,0,Baldwin Breadwinner batting for the Crabs.,-1,4,3,0,,,1,b67e9bbb-1495-4e1b-b517-f1444b0a6c8b,true,0,Baltimore Crabs,false,Yellowstone Magic,false,false,3,,#593037,0x1F980,,#bf0043,0x2728,Baldwin Breadwinner,,10,2,,,-1,0,Brock Forbes,1,0,Logan Rodriguez,Crabs,Magic,0,3,-1,#b05c6b,#f60f63,97dfc1f6-ac94-4cdc-b0d5-1cb9f8984aa5,8adb084b-19fe-4295-bcd2-f92afdb62bd7,e4034192-4dc6-4901-bb30-07fe3cf77b5e,c6a19154-7438-4c4f-b786-2dfaf5951f0f,0,,Silvaire Roadhouse,
e10e1044-24dd-41c4-b5cf-2653064d1a1b,2021-03-10T05:01:46.604218Z,40e97606-10a0-493e-b479-b308ff27ab75,e10e1044-24dd-41c4-b5cf-2653064d1a1b,36,6,4ae9d46a-5408-460a-84fb-cbd8d03fff6c,false,0,12,12,0.5877933690339231,3,8d87c468-699a-47a8-b40d-cfb73a5660ad,0.412206630966077,3,7966eb04-efcc-499b-8f03-d13916330531,4,4,0,false,true,4,4,0,23,ff821670-6d1a-46fb-9399-621da1f047c5,1,Ball. 1-0,-1,4,3,0,,,1,b67e9bbb-1495-4e1b-b517-f1444b0a6c8b,true,0,Baltimore Crabs,false,Yellowstone Magic,false,false,3,,#593037,0x1F980,,#bf0043,0x2728,Baldwin Breadwinner,,10,2,,,-1,0,Brock Forbes,1,0,Logan Rodriguez,Crabs,Magic,0,3,-1,#b05c6b,#f60f63,97dfc1f6-ac94-4cdc-b0d5-1cb9f8984aa5,8adb084b-19fe-4295-bcd2-f92afdb62bd7,e4034192-4dc6-4901-bb30-07fe3cf77b5e,c6a19154-7438-4c4f-b786-2dfaf5951f0f,0,,Silvaire Roadhouse,
e10e1044-24dd-41c4-b5cf-2653064d1a1b,2021-03-10T05:01:51.685083Z,c7344f43-60f9-f034-3814-b9fb3f1087fc,e10e1044-24dd-41c4-b5cf-2653064d1a1b,36,3,4ae9d46a-5408-460a-84fb-cbd8d03fff6c,false,0,12,12,0.5877933690339231,3,8d87c468-699a-47a8-b40d-cfb73a5660ad,0.412206630966077,3,7966eb04-efcc-499b-8f03-d13916330531,4,4,0,false,true,4,4,0,24,ff821670-6d1a-46fb-9399-621da1f047c5,0,Baldwin Breadwinner hit a ground out to Kurt Crueller.,-1,4,3,0,,,1,b67e9bbb-1495-4e1b-b517-f1444b0a6c8b,true,0,Baltimore Crabs,false,Yellowstone Magic,false,false,3,,#593037,0x1F980,,#bf0043,0x2728,,,10,0,,,-1,0,Brock Forbes,0,0,Logan Rodriguez,Crabs,Magic,0,3,-1,#b05c6b,#f60f63,97dfc1f6-ac94-4cdc-b0d5-1cb9f8984aa5,8adb084b-19fe-4295-bcd2-f92afdb62bd7,,,,,,
e10e1044-24dd-41c4-b5cf-2653064d1a1b,2021-03-10T05:01:56.612675Z,a7595046-7ced-4a43-05cf-055518810fd1,e10e1044-24dd-41c4-b5cf-2653064d1a1b,36,6,4ae9d46a-5408-460a-84fb-cbd8d03fff6c,false,0,12,12,0.5877933690339231,3,8d87c468-699a-47a8-b40d-cfb73a5660ad,0.412206630966077,3,7966eb04-efcc-499b-8f03-d13916330531,4,4,0,false,true,4,4,0,25,ff821670-6d1a-46fb-9399-621da1f047c5,0,"Bottom of 1, Yellowstone Magic batting.",-1,4,3,0,,,1,b67e9bbb-1495-4e1b-b517-f1444b0a6c8b,false,0,Baltimore Crabs,false,Yellowstone Magic,false,false,3,,#593037,0x1F980,,#bf0043,0x2728,,,10,0,,,-1,0,Brock Forbes,0,0,Logan Rodriguez,Crabs,Magic,0,3,-1,#b05c6b,#f60f63,97dfc1f6-ac94-4cdc-b0d5-1cb9f8984aa5,8adb084b-19fe-4295-bcd2-f92afdb62bd7,,,,,,
e10e1044-24dd-41c4-b5cf-2653064d1a1b,2021-03-10T05:02:01.615148Z,ae619a7f-14cd-ff35-f2e7-afe746be7053,e10e1044-24dd-41c4-b5cf-2653064d1a1b,36,6,4ae9d46a-5408-460a-84fb-cbd8d03fff6c,false,0,12,12,0.5877933690339231,3,8d87c468-699a-47a8-b40d-cfb73a5660ad,0.412206630966077,3,7966eb04-efcc-499b-8f03-d13916330531,4,4,0,false,true,4,4,0,26,ff821670-6d1a-46fb-9399-621da1f047c5,0,Washer Barajas batting for the Magic.,-1,4,3,0,,,1,b67e9bbb-1495-4e1b-b517-f1444b0a6c8b,false,0,Baltimore Crabs,false,Yellowstone Magic,false,false,3,,#593037,0x1F980,,#bf0043,0x2728,,,10,0,Washer Barajas,,-1,0,Brock Forbes,0,0,Logan Rodriguez,Crabs,Magic,0,3,0,#b05c6b,#f60f63,97dfc1f6-ac94-4cdc-b0d5-1cb9f8984aa5,8adb084b-19fe-4295-bcd2-f92afdb62bd7,,,,,,17392be2-7344-48a0-b4db-8a040a7fb532
e10e1044-24dd-41c4-b5cf-2653064d1a1b,2021-03-10T05:02:06.609816Z,16d3b45d-64ab-01b3-a0e7-3baa650457ca,e10e1044-24dd-41c4-b5cf-2653064d1a1b,36,6,4ae9d46a-5408-460a-84fb-cbd8d03fff6c,false,0,12,12,0.5877933690339231,3,8d87c468-699a-47a8-b40d-cfb73a5660ad,0.412206630966077,3,7966eb04-efcc-499b-8f03-d13916330531,4,4,0,false,true,4,4,0,27,ff821670-6d1a-46fb-9399-621da1f047c5,0,Washer Barajas hit a ground out to Luis Acevedo.,-1,4,3,0,,,1,b67e9bbb-1495-4e1b-b517-f1444b0a6c8b,false,0,Baltimore Crabs,false,Yellowstone Magic,false,false,3,,#593037,0x1F980,,#bf0043,0x2728,,,10,1,,,-1,0,Brock Forbes,0,0,Logan Rodriguez,Crabs,Magic,0,3,0,#b05c6b,#f60f63,97dfc1f6-ac94-4cdc-b0d5-1cb9f8984aa5,8adb084b-19fe-4295-bcd2-f92afdb62bd7,,,,,,
e10e1044-24dd-41c4-b5cf-2653064d1a1b,2021-03-10T05:02:11.600679Z,befe0511-edf6-512e-d1e7-4a66c018b949,e10e1044-24dd-41c4-b5cf-2653064d1a1b,36,6,4ae9d46a-5408-460a-84fb-cbd8d03fff6c,false,0,12,12,0.5877933690339231,3,8d87c468-699a-47a8-b40d-cfb73a5660ad,0.412206630966077,3,7966eb04-efcc-499b-8f03-d13916330531,4,4,0,false,true,4,4,0,28,ff821670-6d1a-46fb-9399-621da1f047c5,0,Kurt Crueller batting for the Magic.,-1,4,3,0,,,1,b67e9bbb-1495-4e1b-b517-f1444b0a6c8b,false,0,Baltimore Crabs,false,Yellowstone Magic,false,false,3,,#593037,0x1F980,,#bf0043,0x2728,,,10,1,Kurt Crueller,,-1,0,Brock Forbes,0,0,Logan Rodriguez,Crabs,Magic,0,3,1,#b05c6b,#f60f63,97dfc1f6-ac94-4cdc-b0d5-1cb9f8984aa5,8adb084b-19fe-4295-bcd2-f92afdb62bd7,,,,,,114100a4-1bf7-4433-b304-6aad75904055
e10e1044-24dd-41c4-b5cf-2653064d1a1b,2021-03-10T05:02:16.619643Z,63d732f9-218f-876b-a5d6-43ab7139de87,e10e1044-24dd-41c4-b5cf-2653064d1a1b,36,6,4ae9d46a-5408-460a-84fb-cbd8d03fff6c,false,0,12,12,0.5877933690339231,3,8d87c468-699a-47a8-b40d-cfb73a5660ad,0.412206630966077,3,7966eb04-efcc-499b-8f03-d13916330531,4,4,0,false,true,4,4,0,29,ff821670-6d1a-46fb-9399-621da1f047c5,0,"Strike, looking. 0-1",-1,4,3,0,,,1,b67e9bbb-1495-4e1b-b517-f1444b0a6c8b,false,1,Baltimore Crabs,false,Yellowstone Magic,false,false,3,,#593037,0x1F980,,#bf0043,0x2728,,,10,1,Kurt Crueller,,-1,0,Brock Forbes,0,0,Logan Rodriguez,Crabs,Magic,0,3,1,#b05c6b,#f60f63,97dfc1f6-ac94-4cdc-b0d5-1cb9f8984aa5,8adb084b-19fe-4295-bcd2-f92afdb62bd7,,,,,,114100a4-1bf7-4433-b304-6aad75904055
e10e1044-24dd-41c4-b5cf-2653064d1a1b,2021-03-10T05:02:21.598611Z,9b779d55-33f6-71a3-5c9e-6890c9c6170c,e10e1044-24dd-41c4-b5cf-2653064d1a1b,36,6,4ae9d46a-5408-460a-84fb-cbd8d03fff6c,false,0,12,12,0.5877933690339231,3,8d87c468-699a-47a8-b40d-cfb73a5660ad,0.412206630966077,3,7966eb04-efcc-499b-8f03-d13916330531,4,4,0,false,true,4,4,0,30,ff821670-6d1a-46fb-9399-621da1f047c5,0,"Strike, swinging. 0-2",-1,4,3,0,,,1,b67e9bbb-1495-4e1b-b517-f1444b0a6c8b,false,2,Baltimore Crabs,false,Yellowstone Magic,false,false,3,,#593037,0x1F980,,#bf0043,0x2728,,,10,1,Kurt Crueller,,-1,0,Brock Forbes,0,0,Logan Rodriguez,Crabs,Magic,0,3,1,#b05c6b,#f60f63,97dfc1f6-ac94-4cdc-b0d5-1cb9f8984aa5,8adb084b-19fe-4295-bcd2-f92afdb62bd7,,,,,,114100a4-1bf7-4433-b304-6aad75904055
e10e1044-24dd-41c4-b5cf-2653064d1a1b,2021-03-10T05:02:26.64935Z,4fbd71b9-affd-2031-bc98-b58861ffd95b,e10e1044-24dd-41c4-b5cf-2653064d1a1b,36,6,4ae9d46a-5408-460a-84fb-cbd8d03fff6c,false,0,12,12,0.5877933690339231,3,8d87c468-699a-47a8-b40d-cfb73a5660ad,0.412206630966077,3,7966eb04-efcc-499b-8f03-d13916330531,4,4,0,false,true,4,4,0,31,ff821670-6d1a-46fb-9399-621da1f047c5,0,Kurt Crueller hit a ground out to Silvaire Roadhouse.,-1,4,3,0,,,1,b67e9bbb-1495-4e1b-b517-f1444b0a6c8b,false,0,Baltimore Crabs,false,Yellowstone Magic,false,false,3,,#593037,0x1F980,,#bf0043,0x2728,,,10,2,,,-1,0,Brock Forbes,0,0,Logan Rodriguez,Crabs,Magic,0,3,1,#b05c6b,#f60f63,97dfc1f6-ac94-4cdc-b0d5-1cb9f8984aa5,8adb084b-19fe-4295-bcd2-f92afdb62bd7,,,,,,
e10e1044-24dd-41c4-b5cf-2653064d1a1b,2021-03-10T05:02:32.602377Z,1f3dfdd1-8ec1-ee2f-d08c-691dd1ececd3,e10e1044-24dd-41c4-b5cf-2653064d1a1b,36,6,4ae9d46a-5408-460a-84fb-cbd8d03fff6c,false,0,12,12,0.5877933690339231,3,8d87c468-699a-47a8-b40d-cfb73a5660ad,0.412206630966077,3,7966eb04-efcc-499b-8f03-d13916330531,4,4,0,false,true,4,4,0,32,ff821670-6d1a-46fb-9399-621da1f047c5,0,Francisco Preston is Elsewhere..,-1,4,3,0,,,1,b67e9bbb-1495-4e1b-b517-f1444b0a6c8b,false,0,Baltimore Crabs,false,Yellowstone Magic,false,false,3,,#593037,0x1F980,,#bf0043,0x2728,,,10,2,,,-1,0,Brock Forbes,0,0,Logan Rodriguez,Crabs,Magic,0,3,2,#b05c6b,#f60f63,97dfc1f6-ac94-4cdc-b0d5-1cb9f8984aa5,8adb084b-19fe-4295-bcd2-f92afdb62bd7,,,,,,
e10e1044-24dd-41c4-b5cf-2653064d1a1b,2021-03-10T05:02:37.60424Z,693c5d5f-10b9-8390-467b-4c354017353d,e10e1044-24dd-41c4-b5cf-2653064d1a1b,36,6,4ae9d46a-5408-460a-84fb-cbd8d03fff6c,false,0,12,12,0.5877933690339231,3,8d87c468-699a-47a8-b40d-cfb73a5660ad,0.412206630966077,3,7966eb04-efcc-499b-8f03-d13916330531,4,4,0,false,true,4,4,0,33,ff821670-6d1a-46fb-9399-621da1f047c5,0,Bevan Wise batting for the Magic.,-1,4,3,0,,,1,b67e9bbb-1495-4e1b-b517-f1444b0a6c8b,false,0,Baltimore Crabs,false,Yellowstone Magic,false,false,3,,#593037,0x1F980,,#bf0043,0x2728,,,10,2,Bevan Wise,,-1,0,Brock Forbes,0,0,Logan Rodriguez,Crabs,Magic,0,3,3,#b05c6b,#f60f63,97dfc1f6-ac94-4cdc-b0d5-1cb9f8984aa5,8adb084b-19fe-4295-bcd2-f92afdb62bd7,,,,,,ac69dba3-6225-4afd-ab4b-23fc78f730fb
e10e1044-24dd-41c4-b5cf-2653064d1a1b,2021-03-10T05:02:42.955592Z,ec656c16-5f8b-a1c7-eb2b-5c06eaceef31,e10e1044-24dd-41c4-b5cf-2653064d1a1b,36,3,4ae9d46a-5408-460a-84fb-cbd8d03fff6c,false,0,12,12,0.5877933690339231,3,8d87c468-699a-47a8-b40d-cfb73a5660ad,0.412206630966077,3,7966eb04-efcc-499b-8f03-d13916330531,4,4,0,false,true,4,4,0,34,ff821670-6d1a-46fb-9399-621da1f047c5,0,Bevan Wise hit a ground out to Squid Galvanic.,-1,4,3,0,,,1,b67e9bbb-1495-4e1b-b517-f1444b0a6c8b,false,0,Baltimore Crabs,false,Yellowstone Magic,false,false,3,,#593037,0x1F980,,#bf0043,0x2728,,,10,0,,,-1,0,Brock Forbes,0,0,Logan Rodriguez,Crabs,Magic,0,3,3,#b05c6b,#f60f63,97dfc1f6-ac94-4cdc-b0d5-1cb9f8984aa5,8adb084b-19fe-4295-bcd2-f92afdb62bd7,,,,,,
e10e1044-24dd-41c4-b5cf-2653064d1a1b,2021-03-10T05:02:47.603858Z,3cee716b-dd8e-5bf2-a8af-a1beda986f70,e10e1044-24dd-41c4-b5cf-2653064d1a1b,36,2,4ae9d46a-5408-460a-84fb-cbd8d03fff6c,false,0,12,12,0.5877933690339231,3,8d87c468-699a-47a8-b40d-cfb73a5660ad,0.412206630966077,3,7966eb04-efcc-499b-8f03-d13916330531,4,4,0,false,true,4,4,0,35,ff821670-6d1a-46fb-9399-621da1f047c5,0,Inning 1 is now an Outing.,-1,4,3,0,,,1,b67e9bbb-1495-4e1b-b517-f1444b0a6c8b,false,0,Baltimore Crabs,false,Yellowstone Magic,false,false,3,,#593037,0x1F980,,#bf0043,0x2728,,,10,0,,,-1,0,Brock Forbes,0,0,Logan Rodriguez,Crabs,Magic,0,3,3,#b05c6b,#f60f63,97dfc1f6-ac94-4cdc-b0d5-1cb9f8984aa5,8adb084b-19fe-4295-bcd2-f92afdb62bd7,,,,,,
e10e1044-24dd-41c4-b5cf-2653064d1a1b,2021-03-10T05:02:52.606657Z,14954436-336d-f6e0-72de-a2e397f3b7d3,e10e1044-24dd-41c4-b5cf-2653064d1a1b,36,6,4ae9d46a-5408-460a-84fb-cbd8d03fff6c,false,1,12,12,0.5877933690339231,3,8d87c468-699a-47a8-b40d-cfb73a5660ad,0.412206630966077,3,7966eb04-efcc-499b-8f03-d13916330531,4,4,0,false,true,4,4,0,36,ff821670-6d1a-46fb-9399-621da1f047c5,0,"Top of 2, Baltimore Crabs batting.",-1,4,3,0,,,1,b67e9bbb-1495-4e1b-b517-f1444b0a6c8b,true,0,Baltimore Crabs,false,Yellowstone Magic,false,false,3,,#593037,0x1F980,,#bf0043,0x2728,,,11,0,,,-1,0,Brock Forbes,0,0,Logan Rodriguez,Crabs,Magic,0,3,3,#b05c6b,#f60f63,97dfc1f6-ac94-4cdc-b0d5-1cb9f8984aa5,8adb084b-19fe-4295-bcd2-f92afdb62bd7,,,,,,
e10e1044-24dd-41c4-b5cf-2653064d1a1b,2021-03-10T05:02:57.690999Z,8bff0a85-a928-d74c-d2a9-325d25a1037f,e10e1044-24dd-41c4-b5cf-2653064d1a1b,36,6,4ae9d46a-5408-460a-84fb-cbd8d03fff6c,false,1,12,12,0.5877933690339231,3,8d87c468-699a-47a8-b40d-cfb73a5660ad,0.412206630966077,3,7966eb04-efcc-499b-8f03-d13916330531,4,4,0,false,true,4,4,0,37,ff821670-6d1a-46fb-9399-621da1f047c5,0,Parker Parra batting for the Crabs.,-1,4,3,0,,,1,b67e9bbb-1495-4e1b-b517-f1444b0a6c8b,true,0,Baltimore Crabs,false,Yellowstone Magic,false,false,3,,#593037,0x1F980,,#bf0043,0x2728,Parker Parra,,11,0,,,-1,0,Brock Forbes,0,0,Logan Rodriguez,Crabs,Magic,0,4,3,#b05c6b,#f60f63,97dfc1f6-ac94-4cdc-b0d5-1cb9f8984aa5,8adb084b-19fe-4295-bcd2-f92afdb62bd7,7dcf6902-632f-48c5-936a-7cf88802b93a,,,,,
e10e1044-24dd-41c4-b5cf-2653064d1a1b,2021-03-10T05:03:02.604189Z,e29ff51a-7a94-0e13-73bb-b721df3fe224,e10e1044-24dd-41c4-b5cf-2653064d1a1b,36,6,4ae9d46a-5408-460a-84fb-cbd8d03fff6c,false,1,12,12,0.5877933690339231,3,8d87c468-699a-47a8-b40d-cfb73a5660ad,0.412206630966077,3,7966eb04-efcc-499b-8f03-d13916330531,4,4,0,false,true,4,4,0,38,ff821670-6d1a-46fb-9399-621da1f047c5,0,"Strike, flinching. 0-1",-1,4,3,0,,,1,b67e9bbb-1495-4e1b-b517-f1444b0a6c8b,true,1,Baltimore Crabs,false,Yellowstone Magic,false,false,3,,#593037,0x1F980,,#bf0043,0x2728,Parker Parra,,11,0,,,-1,0,Brock Forbes,0,0,Logan Rodriguez,Crabs,Magic,0,4,3,#b05c6b,#f60f63,97dfc1f6-ac94-4cdc-b0d5-1cb9f8984aa5,8adb084b-19fe-4295-bcd2-f92afdb62bd7,7dcf6902-632f-48c5-936a-7cf88802b93a,,,,,
e10e1044-24dd-41c4-b5cf-2653064d1a1b,2021-03-10T05:03:07.603864Z,c4c5cfe1-2090-3c5b-0798-4edf7b7d6f8b,e10e1044-24dd-41c4-b5cf-2653064d1a1b,36,6,4ae9d46a-5408-460a-84fb-cbd8d03fff6c,false,1,12,12,0.5877933690339231,3,8d87c468-699a-47a8-b40d-cfb73a5660ad,0.412206630966077,3,7966eb04-efcc-499b-8f03-d13916330531,4,4,0,false,true,4,4,0,39,ff821670-6d1a-46fb-9399-621da1f047c5,0,Parker Parra hit a ground out to Bonk Jokes.,-1,4,3,0,,,1,b67e9bbb-1495-4e1b-b517-f1444b0a6c8b,true,0,Baltimore Crabs,false,Yellowstone Magic,false,false,3,,#593037,0x1F980,,#bf0043,0x2728,,,11,1,,,-1,0,Brock Forbes,0,0,Logan Rodriguez,Crabs,Magic,0,4,3,#b05c6b,#f60f63,97dfc1f6-ac94-4cdc-b0d5-1cb9f8984aa5,8adb084b-19fe-4295-bcd2-f92afdb62bd7,,,,,,
e10e1044-24dd-41c4-b5cf-2653064d1a1b,2021-03-10T05:03:12.618375Z,e5689223-6ff4-0733-0170-9cae7710f640,e10e1044-24dd-41c4-b5cf-2653064d1a1b,36,6,4ae9d46a-5408-460a-84fb-cbd8d03fff6c,false,1,12,12,0.5877933690339231,3,8d87c468-699a-47a8-b40d-cfb73a5660ad,0.412206630966077,3,7966eb04-efcc-499b-8f03-d13916330531,4,4,0,false,true,4,4,0,40,ff821670-6d1a-46fb-9399-621da1f047c5,0,Pedro Davids batting for the Crabs.,-1,4,3,0,,,1,b67e9bbb-1495-4e1b-b517-f1444b0a6c8b,true,0,Baltimore Crabs,false,Yellowstone Magic,false,false,3,,#593037,0x1F980,,#bf0043,0x2728,Pedro Davids,,11,1,,,-1,0,Brock Forbes,0,0,Logan Rodriguez,Crabs,Magic,0,5,3,#b05c6b,#f60f63,97dfc1f6-ac94-4cdc-b0d5-1cb9f8984aa5,8adb084b-19fe-4295-bcd2-f92afdb62bd7,1a93a2d2-b5b6-479b-a595-703e4a2f3885,,,,,
e10e1044-24dd-41c4-b5cf-2653064d1a1b,2021-03-10T05:03:17.603255Z,2b07cd49-1e12-b833-2b2d-f8691018c68a,e10e1044-24dd-41c4-b5cf-2653064d1a1b,36,6,4ae9d46a-5408-460a-84fb-cbd8d03fff6c,false,1,12,12,0.5877933690339231,3,8d87c468-699a-47a8-b40d-cfb73a5660ad,0.412206630966077,3,7966eb04-efcc-499b-8f03-d13916330531,4,4,0,false,true,4,4,0,41,ff821670-6d1a-46fb-9399-621da1f047c5,0,"Strike, flinching. 0-1",-1,4,3,0,,,1,b67e9bbb-1495-4e1b-b517-f1444b0a6c8b,true,1,Baltimore Crabs,false,Yellowstone Magic,false,false,3,,#593037,0x1F980,,#bf0043,0x2728,Pedro Davids,,11,1,,,-1,0,Brock Forbes,0,0,Logan Rodriguez,Crabs,Magic,0,5,3,#b05c6b,#f60f63,97dfc1f6-ac94-4cdc-b0d5-1cb9f8984aa5,8adb084b-19fe-4295-bcd2-f92afdb62bd7,1a93a2d2-b5b6-479b-a595-703e4a2f3885,,,,,
e10e1044-24dd-41c4-b5cf-2653064d1a1b,2021-03-10T05:03:22.621357Z,98976f28-2e36-4cad-a079-b2667879eb25,e10e1044-24dd-41c4-b5cf-2653064d1a1b,36,6,4ae9d46a-5408-460a-84fb-cbd8d03fff6c,false,1,12,12,0.5877933690339231,3,8d87c468-699a-47a8-b40d-cfb73a5660ad,0.412206630966077,3,7966eb04-efcc-499b-8f03-d13916330531,4,4,0,false,true,4,4,0,42,ff821670-6d1a-46fb-9399-621da1f047c5,1,Ball. 1-1,-1,4,3,0,,,1,b67e9bbb-1495-4e1b-b517-f1444b0a6c8b,true,1,Baltimore Crabs,false,Yellowstone Magic,false,false,3,,#593037,0x1F980,,#bf0043,0x2728,Pedro Davids,,11,1,,,-1,0,Brock Forbes,0,0,Logan Rodriguez,Crabs,Magic,0,5,3,#b05c6b,#f60f63,97dfc1f6-ac94-4cdc-b0d5-1cb9f8984aa5,8adb084b-19fe-4295-bcd2-f92afdb62bd7,1a93a2d2-b5b6-479b-a595-703e4a2f3885,,,,,
e10e1044-24dd-41c4-b5cf-2653064d1a1b,2021-03-10T05:03:27.611597Z,ac76113e-342c-8cfc-61c4-bd36d1c7c066,e10e1044-24dd-41c4-b5cf-2653064d1a1b,36,6,4ae9d46a-5408-460a-84fb-cbd8d03fff6c,false,1,12,12,0.5877933690339231,3,8d87c468-699a-47a8-b40d-cfb73a5660ad,0.412206630966077,3,7966eb04-efcc-499b-8f03-d13916330531,4,4,0,false,true,4,4,0,43,ff821670-6d1a-46fb-9399-621da1f047c5,1,Foul Ball. 1-2,-1,4,3,0,,,1,b67e9bbb-1495-4e1b-b517-f1444b0a6c8b,true,2,Baltimore Crabs,false,Yellowstone Magic,false,false,3,,#593037,0x1F980,,#bf0043,0x2728,Pedro Davids,,11,1,,,-1,0,Brock Forbes,0,0,Logan Rodriguez,Crabs,Magic,0,5,3,#b05c6b,#f60f63,97dfc1f6-ac94-4cdc-b0d5-1cb9f8984aa5,8adb084b-19fe-4295-bcd2-f92afdb62bd7,1a93a2d2-b5b6-479b-a595-703e4a2f3885,,,,,
e10e1044-24dd-41c4-b5cf-2653064d1a1b,2021-03-10T05:03:32.602638Z,b4c9fc41-9831-718a-c5c7-eb5df8eb6548,e10e1044-24dd-41c4-b5cf-2653064d1a1b,36,6,4ae9d46a-5408-460a-84fb-cbd8d03fff6c,false,1,12,12,0.5877933690339231,3,8d87c468-699a-47a8-b40d-cfb73a5660ad,0.412206630966077,3,7966eb04-efcc-499b-8f03-d13916330531,4,4,0,false,true,4,4,0,44,ff821670-6d1a-46fb-9399-621da1f047c5,1,Foul Ball. 1-3,-1,4,3,0,,,1,b67e9bbb-1495-4e1b-b517-f1444b0a6c8b,true,3,Baltimore Crabs,false,Yellowstone Magic,false,false,3,,#593037,0x1F980,,#bf0043,0x2728,Pedro Davids,,11,1,,,-1,0,Brock Forbes,0,0,Logan Rodriguez,Crabs,Magic,0,5,3,#b05c6b,#f60f63,97dfc1f6-ac94-4cdc-b0d5-1cb9f8984aa5,8adb084b-19fe-4295-bcd2-f92afdb62bd7,1a93a2d2-b5b6-479b-a595-703e4a2f3885,,,,,
e10e1044-24dd-41c4-b5cf-2653064d1a1b,2021-03-10T05:03:37.957648Z,d71b25b7-1656-189a-f0b2-f0e43021810e,e10e1044-24dd-41c4-b5cf-2653064d1a1b,36,6,4ae9d46a-5408-460a-84fb-cbd8d03fff6c,false,1,12,12,0.5877933690339231,3,8d87c468-699a-47a8-b40d-cfb73a5660ad,0.412206630966077,3,7966eb04-efcc-499b-8f03-d13916330531,4,4,0,false,true,4,4,0,45,ff821670-6d1a-46fb-9399-621da1f047c5,2,Ball. 2-3,-1,4,3,0,,,1,b67e9bbb-1495-4e1b-b517-f1444b0a6c8b,true,3,Baltimore Crabs,false,Yellowstone Magic,false,false,3,,#593037,0x1F980,,#bf0043,0x2728,Pedro Davids,,11,1,,,-1,0,Brock Forbes,0,0,Logan Rodriguez,Crabs,Magic,0,5,3,#b05c6b,#f60f63,97dfc1f6-ac94-4cdc-b0d5-1cb9f8984aa5,8adb084b-19fe-4295-bcd2-f92afdb62bd7,1a93a2d2-b5b6-479b-a595-703e4a2f3885,,,,,
e10e1044-24dd-41c4-b5cf-2653064d1a1b,2021-03-10T05:03:42.604997Z,9c451664-2d67-1351-d6fe-96287922177c,e10e1044-24dd-41c4-b5cf-2653064d1a1b,36,6,4ae9d46a-5408-460a-84fb-cbd8d03fff6c,false,1,12,12,0.5877933690339231,3,8d87c468-699a-47a8-b40d-cfb73a5660ad,0.412206630966077,3,7966eb04-efcc-499b-8f03-d13916330531,4,4,0,false,true,4,4,0,46,ff821670-6d1a-46fb-9399-621da1f047c5,0,Pedro Davids hit a ground out to Bevan Wise.,-1,4,3,0,,,1,b67e9bbb-1495-4e1b-b517-f1444b0a6c8b,true,0,Baltimore Crabs,false,Yellowstone Magic,false,false,3,,#593037,0x1F980,,#bf0043,0x2728,,,11,2,,,-1,0,Brock Forbes,0,0,Logan Rodriguez,Crabs,Magic,0,5,3,#b05c6b,#f60f63,97dfc1f6-ac94-4cdc-b0d5-1cb9f8984aa5,8adb084b-19fe-4295-bcd2-f92afdb62bd7,,,,,,
e10e1044-24dd-41c4-b5cf-2653064d1a1b,2021-03-10T05:03:47.606821Z,f565f78f-da2f-8ade-ad4c-bf084b4402c3,e10e1044-24dd-41c4-b5cf-2653064d1a1b,36,6,4ae9d46a-5408-460a-84fb-cbd8d03fff6c,false,1,12,12,0.5877933690339231,3,8d87c468-699a-47a8-b40d-cfb73a5660ad,0.412206630966077,3,7966eb04-efcc-499b-8f03-d13916330531,4,4,0,false,true,4,4,0,47,ff821670-6d1a-46fb-9399-621da1f047c5,0,Evelton McBlase II batting for the Crabs.,-1,4,3,0,,,1,b67e9bbb-1495-4e1b-b517-f1444b0a6c8b,true,0,Baltimore Crabs,false,Yellowstone Magic,false,false,3,,#593037,0x1F980,,#bf0043,0x2728,Evelton McBlase II,,11,2,,,-1,0,Brock Forbes,0,0,Logan Rodriguez,Crabs,Magic,0,6,3,#b05c6b,#f60f63,97dfc1f6-ac94-4cdc-b0d5-1cb9f8984aa5,8adb084b-19fe-4295-bcd2-f92afdb62bd7,2c4b2a6d-9961-4e40-882c-a338f4e72117,,,,,
e10e1044-24dd-41c4-b5cf-2653064d1a1b,2021-03-10T05:03:52.611033Z,f3f04be0-4fe4-1b4f-1cb4-bb201692f68b,e10e1044-24dd-41c4-b5cf-2653064d1a1b,36,6,4ae9d46a-5408-460a-84fb-cbd8d03fff6c,false,1,12,12,0.5877933690339231,3,8d87c468-699a-47a8-b40d-cfb73a5660ad,0.412206630966077,3,7966eb04-efcc-499b-8f03-d13916330531,4,4,0,false,true,4,4,0,48,ff821670-6d1a-46fb-9399-621da1f047c5,1,Ball. 1-0,-1,4,3,0,,,1,b67e9bbb-1495-4e1b-b517-f1444b0a6c8b,true,0,Baltimore Crabs,false,Yellowstone Magic,false,false,3,,#593037,0x1F980,,#bf0043,0x2728,Evelton McBlase II,,11,2,,,-1,0,Brock Forbes,0,0,Logan Rodriguez,Crabs,Magic,0,6,3,#b05c6b,#f60f63,97dfc1f6-ac94-4cdc-b0d5-1cb9f8984aa5,8adb084b-19fe-4295-bcd2-f92afdb62bd7,2c4b2a6d-9961-4e40-882c-a338f4e72117,,,,,
e10e1044-24dd-41c4-b5cf-2653064d1a1b,2021-03-10T05:03:57.607774Z,6aae03ef-16b8-c3fe-5bdc-c69264999f0b,e10e1044-24dd-41c4-b5cf-2653064d1a1b,36,6,4ae9d46a-5408-460a-84fb-cbd8d03fff6c,false,1,12,12,0.5877933690339231,3,8d87c468-699a-47a8-b40d-cfb73a5660ad,0.412206630966077,3,7966eb04-efcc-499b-8f03-d13916330531,4,4,0,false,true,4,4,0,49,ff821670-6d1a-46fb-9399-621da1f047c5,1,"Strike, swinging. 1-1",-1,4,3,0,,,1,b67e9bbb-1495-4e1b-b517-f1444b0a6c8b,true,1,Baltimore Crabs,false,Yellowstone Magic,false,false,3,,#593037,0x1F980,,#bf0043,0x2728,Evelton McBlase II,,11,2,,,-1,0,Brock Forbes,0,0,Logan Rodriguez,Crabs,Magic,0,6,3,#b05c6b,#f60f63,97dfc1f6-ac94-4cdc-b0d5-1cb9f8984aa5,8adb084b-19fe-4295-bcd2-f92afdb62bd7,2c4b2a6d-9961-4e40-882c-a338f4e72117,,,,,
e10e1044-24dd-41c4-b5cf-2653064d1a1b,2021-03-10T05:04:02.98293Z,785c5aaf-90e0-338b-a817-9a00260528c8,e10e1044-24dd-41c4-b5cf-2653064d1a1b,36,6,4ae9d46a-5408-460a-84fb-cbd8d03fff6c,false,1,12,12,0.5877933690339231,3,8d87c468-699a-47a8-b40d-cfb73a5660ad,0.412206630966077,3,7966eb04-efcc-499b-8f03-d13916330531,4,4,0,false,true,4,4,0,50,ff821670-6d1a-46fb-9399-621da1f047c5,1,"Strike, looking. 1-2",-1,4,3,0,,,1,b67e9bbb-1495-4e1b-b517-f1444b0a6c8b,true,2,Baltimore Crabs,false,Yellowstone Magic,false,false,3,,#593037,0x1F980,,#bf0043,0x2728,Evelton McBlase II,,11,2,,,-1,0,Brock Forbes,0,0,Logan Rodriguez,Crabs,Magic,0,6,3,#b05c6b,#f60f63,97dfc1f6-ac94-4cdc-b0d5-1cb9f8984aa5,8adb084b-19fe-4295-bcd2-f92afdb62bd7,2c4b2a6d-9961-4e40-882c-a338f4e72117,,,,,
e10e1044-24dd-41c4-b5cf-2653064d1a1b,2021-03-10T05:04:07.600316Z,c2794b50-3fc0-cbaa-941b-3aadff71a4e2,e10e1044-24dd-41c4-b5cf-2653064d1a1b,36,3,4ae9d46a-5408-460a-84fb-cbd8d03fff6c,false,1,12,12,0.5877933690339231,3,8d87c468-699a-47a8-b40d-cfb73a5660ad,0.412206630966077,3,7966eb04-efcc-499b-8f03-d13916330531,4,4,0,false,true,4,4,0,51,ff821670-6d1a-46fb-9399-621da1f047c5,0,Evelton McBlase II hit a ground out to Kurt Crueller.,-1,4,3,0,,,1,b67e9bbb-1495-4e1b-b517-f1444b0a6c8b,true,0,Baltimore Crabs,false,Yellowstone Magic,false,false,3,,#593037,0x1F980,,#bf0043,0x2728,,,11,0,,,-1,0,Brock Forbes,0,0,Logan Rodriguez,Crabs,Magic,0,6,3,#b05c6b,#f60f63,97dfc1f6-ac94-4cdc-b0d5-1cb9f8984aa5,8adb084b-19fe-4295-bcd2-f92afdb62bd7,,,,,,
e10e1044-24dd-41c4-b5cf-2653064d1a1b,2021-03-10T05:04:12.963322Z,923c4ee2-50b7-46e7-ef2e-f23b58349098,e10e1044-24dd-41c4-b5cf-2653064d1a1b,36,6,4ae9d46a-5408-460a-84fb-cbd8d03fff6c,false,1,12,12,0.5877933690339231,3,8d87c468-699a-47a8-b40d-cfb73a5660ad,0.412206630966077,3,7966eb04-efcc-499b-8f03-d13916330531,4,4,0,false,true,4,4,0,52,ff821670-6d1a-46fb-9399-621da1f047c5,0,"Bottom of 2, Yellowstone Magic batting.",-1,4,3,0,,,1,b67e9bbb-1495-4e1b-b517-f1444b0a6c8b,false,0,Baltimore Crabs,false,Yellowstone Magic,false,false,3,,#593037,0x1F980,,#bf0043,0x2728,,,11,0,,,-1,0,Brock Forbes,0,0,Logan Rodriguez,Crabs,Magic,0,6,3,#b05c6b,#f60f63,97dfc1f6-ac94-4cdc-b0d5-1cb9f8984aa5,8adb084b-19fe-4295-bcd2-f92afdb62bd7,,,,,,
e10e1044-24dd-41c4-b5cf-2653064d1a1b,2021-03-10T05:04:17.609719Z,091a32a6-5c82-6acd-8af9-4d01ba49b6ec,e10e1044-24dd-41c4-b5cf-2653064d1a1b,36,6,4ae9d46a-5408-460a-84fb-cbd8d03fff6c,false,1,12,12,0.5877933690339231,3,8d87c468-699a-47a8-b40d-cfb73a5660ad,0.412206630966077,3,7966eb04-efcc-499b-8f03-d13916330531,4,4,0,false,true,4,4,0,53,ff821670-6d1a-46fb-9399-621da1f047c5,0,Bonk Jokes batting for the Magic.,-1,4,3,0,,,1,b67e9bbb-1495-4e1b-b517-f1444b0a6c8b,false,0,Baltimore Crabs,false,Yellowstone Magic,false,false,3,,#593037,0x1F980,,#bf0043,0x2728,,,11,0,Bonk Jokes,,-1,0,Brock Forbes,0,0,Logan Rodriguez,Crabs,Magic,0,6,4,#b05c6b,#f60f63,97dfc1f6-ac94-4cdc-b0d5-1cb9f8984aa5,8adb084b-19fe-4295-bcd2-f92afdb62bd7,,,,,,2ffbaec8-a646-4435-a17a-3a0a2b5f3e16
e10e1044-24dd-41c4-b5cf-2653064d1a1b,2021-03-10T05:04:22.601045Z,66f063cf-0b5f-a564-7503-02bb77a880b1,e10e1044-24dd-41c4-b5cf-2653064d1a1b,36,6,4ae9d46a-5408-460a-84fb-cbd8d03fff6c,false,1,12,12,0.5877933690339231,3,8d87c468-699a-47a8-b40d-cfb73a5660ad,0.412206630966077,3,7966eb04-efcc-499b-8f03-d13916330531,4,4,0,false,true,4,4,0,54,ff821670-6d1a-46fb-9399-621da1f047c5,0,"Strike, looking. 0-1",-1,4,3,0,,,1,b67e9bbb-1495-4e1b-b517-f1444b0a6c8b,false,1,Baltimore Crabs,false,Yellowstone Magic,false,false,3,,#593037,0x1F980,,#bf0043,0x2728,,,11,0,Bonk Jokes,,-1,0,Brock Forbes,0,0,Logan Rodriguez,Crabs,Magic,0,6,4,#b05c6b,#f60f63,97dfc1f6-ac94-4cdc-b0d5-1cb9f8984aa5,8adb084b-19fe-4295-bcd2-f92afdb62bd7,,,,,,2ffbaec8-a646-4435-a17a-3a0a2b5f3e16
e10e1044-24dd-41c4-b5cf-2653064d1a1b,2021-03-10T05:04:27.694149Z,c4160332-995c-e709-f86c-6ea413c1aa71,e10e1044-24dd-41c4-b5cf-2653064d1a1b,36,6,4ae9d46a-5408-460a-84fb-cbd8d03fff6c,false,1,12,12,0.5877933690339231,3,8d87c468-699a-47a8-b40d-cfb73a5660ad,0.412206630966077,3,7966eb04-efcc-499b-8f03-d13916330531,4,4,0,false,true,4,4,0,55,ff821670-6d1a-46fb-9399-621da1f047c5,0,"Strike, looking. 0-2",-1,4,3,0,,,1,b67e9bbb-1495-4e1b-b517-f1444b0a6c8b,false,2,Baltimore Crabs,false,Yellowstone Magic,false,false,3,,#593037,0x1F980,,#bf0043,0x2728,,,11,0,Bonk Jokes,,-1,0,Brock Forbes,0,0,Logan Rodriguez,Crabs,Magic,0,6,4,#b05c6b,#f60f63,97dfc1f6-ac94-4cdc-b0d5-1cb9f8984aa5,8adb084b-19fe-4295-bcd2-f92afdb62bd7,,,,,,2ffbaec8-a646-4435-a17a-3a0a2b5f3e16
e10e1044-24dd-41c4-b5cf-2653064d1a1b,2021-03-10T05:04:32.602872Z,57b6f1f0-af9a-2722-8c92-8d5c8dde8be3,e10e1044-24dd-41c4-b5cf-2653064d1a1b,36,6,4ae9d46a-5408-460a-84fb-cbd8d03fff6c,false,1,12,12,0.5877933690339231,3,8d87c468-699a-47a8-b40d-cfb73a5660ad,0.412206630966077,3,7966eb04-efcc-499b-8f03-d13916330531,4,4,0,false,true,4,4,0,56,ff821670-6d1a-46fb-9399-621da1f047c5,0,Foul Ball. 0-2,-1,4,3,0,,,1,b67e9bbb-1495-4e1b-b517-f1444b0a6c8b,false,2,Baltimore Crabs,false,Yellowstone Magic,false,false,3,,#593037,0x1F980,,#bf0043,0x2728,,,11,0,Bonk Jokes,,-1,0,Brock Forbes,0,0,Logan Rodriguez,Crabs,Magic,0,6,4,#b05c6b,#f60f63,97dfc1f6-ac94-4cdc-b0d5-1cb9f8984aa5,8adb084b-19fe-4295-bcd2-f92afdb62bd7,,,,,,2ffbaec8-a646-4435-a17a-3a0a2b5f3e16
e10e1044-24dd-41c4-b5cf-2653064d1a1b,2021-03-10T05:04:37.602032Z,3b27f749-06c7-424b-2510-9a41a8879753,e10e1044-24dd-41c4-b5cf-2653064d1a1b,36,6,4ae9d46a-5408-460a-84fb-cbd8d03fff6c,false,1,12,12,0.5877933690339231,3,8d87c468-699a-47a8-b40d-cfb73a5660ad,0.412206630966077,3,7966eb04-efcc-499b-8f03-d13916330531,4,4,0,false,true,4,4,0,57,ff821670-6d1a-46fb-9399-621da1f047c5,0,Bonk Jokes hit a flyout to Luis Acevedo.,-1,4,3,0,,,1,b67e9bbb-1495-4e1b-b517-f1444b0a6c8b,false,0,Baltimore Crabs,false,Yellowstone Magic,false,false,3,,#593037,0x1F980,,#bf0043,0x2728,,,11,1,,,-1,0,Brock Forbes,0,0,Logan Rodriguez,Crabs,Magic,0,6,4,#b05c6b,#f60f63,97dfc1f6-ac94-4cdc-b0d5-1cb9f8984aa5,8adb084b-19fe-4295-bcd2-f92afdb62bd7,,,,,,
e10e1044-24dd-41c4-b5cf-2653064d1a1b,2021-03-10T05:04:42.60221Z,7908ebbe-6218-7d32-33b1-4e31106cee10,e10e1044-24dd-41c4-b5cf-2653064d1a1b,36,6,4ae9d46a-5408-460a-84fb-cbd8d03fff6c,false,1,12,12,0.5877933690339231,3,8d87c468-699a-47a8-b40d-cfb73a5660ad,0.412206630966077,3,7966eb04-efcc-499b-8f03-d13916330531,4,4,0,false,true,4,4,0,58,ff821670-6d1a-46fb-9399-621da1f047c5,0,Chorby Short batting for the Magic.,-1,4,3,0,,,1,b67e9bbb-1495-4e1b-b517-f1444b0a6c8b,false,0,Baltimore Crabs,false,Yellowstone Magic,false,false,3,,#593037,0x1F980,,#bf0043,0x2728,,,11,1,Chorby Short,,-1,0,Brock Forbes,0,0,Logan Rodriguez,Crabs,Magic,0,6,5,#b05c6b,#f60f63,97dfc1f6-ac94-4cdc-b0d5-1cb9f8984aa5,8adb084b-19fe-4295-bcd2-f92afdb62bd7,,,,,,a3947fbc-50ec-45a4-bca4-49ffebb77dbe
e10e1044-24dd-41c4-b5cf-2653064d1a1b,2021-03-10T05:04:47.68383Z,514aab7d-3661-a63b-0c13-dd6e33ee2c5f,e10e1044-24dd-41c4-b5cf-2653064d1a1b,36,6,4ae9d46a-5408-460a-84fb-cbd8d03fff6c,false,1,12,12,0.5877933690339231,3,8d87c468-699a-47a8-b40d-cfb73a5660ad,0.412206630966077,3,7966eb04-efcc-499b-8f03-d13916330531,4,4,0,false,true,4,4,0,59,ff821670-6d1a-46fb-9399-621da1f047c5,0,"Strike, swinging. 0-1",-1,4,3,0,,,1,b67e9bbb-1495-4e1b-b517-f1444b0a6c8b,false,1,Baltimore Crabs,false,Yellowstone Magic,false,false,3,,#593037,0x1F980,,#bf0043,0x2728,,,11,1,Chorby Short,,-1,0,Brock Forbes,0,0,Logan Rodriguez,Crabs,Magic,0,6,5,#b05c6b,#f60f63,97dfc1f6-ac94-4cdc-b0d5-1cb9f8984aa5,8adb084b-19fe-4295-bcd2-f92afdb62bd7,,,,,,a3947fbc-50ec-45a4-bca4-49ffebb77dbe
e10e1044-24dd-41c4-b5cf-2653064d1a1b,2021-03-10T05:04:52.600038Z,fa3a7bbb-6c5c-ea60-73ba-882ae5304f34,e10e1044-24dd-41c4-b5cf-2653064d1a1b,36,6,4ae9d46a-5408-460a-84fb-cbd8d03fff6c,false,1,12,12,0.5877933690339231,3,8d87c468-699a-47a8-b40d-cfb73a5660ad,0.412206630966077,3,7966eb04-efcc-499b-8f03-d13916330531,4,4,0,false,true,4,4,0,60,ff821670-6d1a-46fb-9399-621da1f047c5,0,"Strike, looking. 0-2",-1,4,3,0,,,1,b67e9bbb-1495-4e1b-b517-f1444b0a6c8b,false,2,Baltimore Crabs,false,Yellowstone Magic,false,false,3,,#593037,0x1F980,,#bf0043,0x2728,,,11,1,Chorby Short,,-1,0,Brock Forbes,0,0,Logan Rodriguez,Crabs,Magic,0,6,5,#b05c6b,#f60f63,97dfc1f6-ac94-4cdc-b0d5-1cb9f8984aa5,8adb084b-19fe-4295-bcd2-f92afdb62bd7,,,,,,a3947fbc-50ec-45a4-bca4-49ffebb77dbe
e10e1044-24dd-41c4-b5cf-2653064d1a1b,2021-03-10T05:04:57.61161Z,ac777d4b-38b8-5a3b-7987-3adb659ad08b,e10e1044-24dd-41c4-b5cf-2653064d1a1b,36,6,4ae9d46a-5408-460a-84fb-cbd8d03fff6c,false,1,12,12,0.5877933690339231,3,8d87c468-699a-47a8-b40d-cfb73a5660ad,0.412206630966077,3,7966eb04-efcc-499b-8f03-d13916330531,4,4,0,false,true,4,4,0,61,ff821670-6d1a-46fb-9399-621da1f047c5,0,Foul Ball. 0-2,-1,4,3,0,,,1,b67e9bbb-1495-4e1b-b517-f1444b0a6c8b,false,2,Baltimore Crabs,false,Yellowstone Magic,false,false,3,,#593037,0x1F980,,#bf0043,0x2728,,,11,1,Chorby Short,,-1,0,Brock Forbes,0,0,Logan Rodriguez,Crabs,Magic,0,6,5,#b05c6b,#f60f63,97dfc1f6-ac94-4cdc-b0d5-1cb9f8984aa5,8adb084b-19fe-4295-bcd2-f92afdb62bd7,,,,,,a3947fbc-50ec-45a4-bca4-49ffebb77dbe
e10e1044-24dd-41c4-b5cf-2653064d1a1b,2021-03-10T05:05:02.599209Z,14cfdacc-53a6-80bd-8530-f36b21d7d91f,e10e1044-24dd-41c4-b5cf-2653064d1a1b,36,6,4ae9d46a-5408-460a-84fb-cbd8d03fff6c,false,1,12,12,0.5877933690339231,3,8d87c468-699a-47a8-b40d-cfb73a5660ad,0.412206630966077,3,7966eb04-efcc-499b-8f03-d13916330531,4,4,0,false,true,4,4,0,62,ff821670-6d1a-46fb-9399-621da1f047c5,0,Chorby Short hit a ground out to Evelton McBlase II.,-1,4,3,0,,,1,b67e9bbb-1495-4e1b-b517-f1444b0a6c8b,false,0,Baltimore Crabs,false,Yellowstone Magic,false,false,3,,#593037,0x1F980,,#bf0043,0x2728,,,11,2,,,-1,0,Brock Forbes,0,0,Logan Rodriguez,Crabs,Magic,0,6,5,#b05c6b,#f60f63,97dfc1f6-ac94-4cdc-b0d5-1cb9f8984aa5,8adb084b-19fe-4295-bcd2-f92afdb62bd7,,,,,,
e10e1044-24dd-41c4-b5cf-2653064d1a1b,2021-03-10T05:05:08.001756Z,20098033-1972-a7c6-ed78-c70da1e78c4f,e10e1044-24dd-41c4-b5cf-2653064d1a1b,36,6,4ae9d46a-5408-460a-84fb-cbd8d03fff6c,false,1,12,12,0.5877933690339231,3,8d87c468-699a-47a8-b40d-cfb73a5660ad,0.412206630966077,3,7966eb04-efcc-499b-8f03-d13916330531,4,4,0,false,true,4,4,0,63,ff821670-6d1a-46fb-9399-621da1f047c5,0,Wyatt Glover batting for the Magic.,-1,4,3,0,,,1,b67e9bbb-1495-4e1b-b517-f1444b0a6c8b,false,0,Baltimore Crabs,false,Yellowstone Magic,false,false,3,,#593037,0x1F980,,#bf0043,0x2728,,,11,2,Wyatt Glover,,-1,0,Brock Forbes,0,0,Logan Rodriguez,Crabs,Magic,0,6,6,#b05c6b,#f60f63,97dfc1f6-ac94-4cdc-b0d5-1cb9f8984aa5,8adb084b-19fe-4295-bcd2-f92afdb62bd7,,,,,,e16c3f28-eecd-4571-be1a-606bbac36b2b
e10e1044-24dd-41c4-b5cf-2653064d1a1b,2021-03-10T05:05:12.608669Z,14afe0ea-846c-4457-08c8-0fe996c6db7e,e10e1044-24dd-41c4-b5cf-2653064d1a1b,36,6,4ae9d46a-5408-460a-84fb-cbd8d03fff6c,false,1,12,12,0.5877933690339231,3,8d87c468-699a-47a8-b40d-cfb73a5660ad,0.412206630966077,3,7966eb04-efcc-499b-8f03-d13916330531,4,4,0,false,true,4,4,0,64,ff821670-6d1a-46fb-9399-621da1f047c5,0,"Strike, swinging. 0-1",-1,4,3,0,,,1,b67e9bbb-1495-4e1b-b517-f1444b0a6c8b,false,1,Baltimore Crabs,false,Yellowstone Magic,false,false,3,,#593037,0x1F980,,#bf0043,0x2728,,,11,2,Wyatt Glover,,-1,0,Brock Forbes,0,0,Logan Rodriguez,Crabs,Magic,0,6,6,#b05c6b,#f60f63,97dfc1f6-ac94-4cdc-b0d5-1cb9f8984aa5,8adb084b-19fe-4295-bcd2-f92afdb62bd7,,,,,,e16c3f28-eecd-4571-be1a-606bbac36b2b
e10e1044-24dd-41c4-b5cf-2653064d1a1b,2021-03-10T05:05:17.617959Z,dd1da6fa-6f18-aa8a-013f-d2c701a8bb3b,e10e1044-24dd-41c4-b5cf-2653064d1a1b,36,6,4ae9d46a-5408-460a-84fb-cbd8d03fff6c,false,1,12,12,0.5877933690339231,3,8d87c468-699a-47a8-b40d-cfb73a5660ad,0.412206630966077,3,7966eb04-efcc-499b-8f03-d13916330531,4,4,0,false,true,4,4,0,65,ff821670-6d1a-46fb-9399-621da1f047c5,0,"Strike, looking. 0-2",-1,4,3,0,,,1,b67e9bbb-1495-4e1b-b517-f1444b0a6c8b,false,2,Baltimore Crabs,false,Yellowstone Magic,false,false,3,,#593037,0x1F980,,#bf0043,0x2728,,,11,2,Wyatt Glover,,-1,0,Brock Forbes,0,0,Logan Rodriguez,Crabs,Magic,0,6,6,#b05c6b,#f60f63,97dfc1f6-ac94-4cdc-b0d5-1cb9f8984aa5,8adb084b-19fe-4295-bcd2-f92afdb62bd7,,,,,,e16c3f28-eecd-4571-be1a-606bbac36b2b
e10e1044-24dd-41c4-b5cf-2653064d1a1b,2021-03-10T05:05:22.608438Z,fc527ea9-c944-a601-cabb-f520b6a5e08f,e10e1044-24dd-41c4-b5cf-2653064d1a1b,36,6,4ae9d46a-5408-460a-84fb-cbd8d03fff6c,false,1,12,12,0.5877933690339231,3,8d87c468-699a-47a8-b40d-cfb73a5660ad,0.412206630966077,3,7966eb04-efcc-499b-8f03-d13916330531,4,4,0,false,true,4,4,0,66,ff821670-6d1a-46fb-9399-621da1f047c5,0,Foul Ball. 0-2,-1,4,3,0,,,1,b67e9bbb-1495-4e1b-b517-f1444b0a6c8b,false,2,Baltimore Crabs,false,Yellowstone Magic,false,false,3,,#593037,0x1F980,,#bf0043,0x2728,,,11,2,Wyatt Glover,,-1,0,Brock Forbes,0,0,Logan Rodriguez,Crabs,Magic,0,6,6,#b05c6b,#f60f63,97dfc1f6-ac94-4cdc-b0d5-1cb9f8984aa5,8adb084b-19fe-4295-bcd2-f92afdb62bd7,,,,,,e16c3f28-eecd-4571-be1a-606bbac36b2b
e10e1044-24dd-41c4-b5cf-2653064d1a1b,2021-03-10T05:05:27.609983Z,8b42a89c-7a46-e026-311d-d8ca34d2cc93,e10e1044-24dd-41c4-b5cf-2653064d1a1b,36,6,4ae9d46a-5408-460a-84fb-cbd8d03fff6c,false,1,12,12,0.5877933690339231,3,8d87c468-699a-47a8-b40d-cfb73a5660ad,0.412206630966077,3,7966eb04-efcc-499b-8f03-d13916330531,4,4,0,false,true,4,4,0,67,ff821670-6d1a-46fb-9399-621da1f047c5,0,Foul Ball. 0-2,-1,4,3,0,,,1,b67e9bbb-1495-4e1b-b517-f1444b0a6c8b,false,2,Baltimore Crabs,false,Yellowstone Magic,false,false,3,,#593037,0x1F980,,#bf0043,0x2728,,,11,2,Wyatt Glover,,-1,0,Brock Forbes,0,0,Logan Rodriguez,Crabs,Magic,0,6,6,#b05c6b,#f60f63,97dfc1f6-ac94-4cdc-b0d5-1cb9f8984aa5,8adb084b-19fe-4295-bcd2-f92afdb62bd7,,,,,,e16c3f28-eecd-4571-be1a-606bbac36b2b
e10e1044-24dd-41c4-b5cf-2653064d1a1b,2021-03-10T05:05:32.599654Z,e82195c2-e5eb-e949-a685-300cd754e81f,e10e1044-24dd-41c4-b5cf-2653064d1a1b,36,6,4ae9d46a-5408-460a-84fb-cbd8d03fff6c,false,1,12,12,0.5877933690339231,3,8d87c468-699a-47a8-b40d-cfb73a5660ad,0.412206630966077,3,7966eb04-efcc-499b-8f03-d13916330531,4,4,0,false,true,4,4,0,68,ff821670-6d1a-46fb-9399-621da1f047c5,0,Foul Ball. 0-2,-1,4,3,0,,,1,b67e9bbb-1495-4e1b-b517-f1444b0a6c8b,false,2,Baltimore Crabs,false,Yellowstone Magic,false,false,3,,#593037,0x1F980,,#bf0043,0x2728,,,11,2,Wyatt Glover,,-1,0,Brock Forbes,0,0,Logan Rodriguez,Crabs,Magic,0,6,6,#b05c6b,#f60f63,97dfc1f6-ac94-4cdc-b0d5-1cb9f8984aa5,8adb084b-19fe-4295-bcd2-f92afdb62bd7,,,,,,e16c3f28-eecd-4571-be1a-606bbac36b2b
e10e1044-24dd-41c4-b5cf-2653064d1a1b,2021-03-10T05:05:37.996682Z,f974687d-96e1-e5b9-bd2f-d265d637922e,e10e1044-24dd-41c4-b5cf-2653064d1a1b,36,6,4ae9d46a-5408-460a-84fb-cbd8d03fff6c,false,1,12,12,0.5877933690339231,3,8d87c468-699a-47a8-b40d-cfb73a5660ad,0.412206630966077,3,7966eb04-efcc-499b-8f03-d13916330531,4,4,0,false,true,4,4,0,69,ff821670-6d1a-46fb-9399-621da1f047c5,0,Foul Ball. 0-2,-1,4,3,0,,,1,b67e9bbb-1495-4e1b-b517-f1444b0a6c8b,false,2,Baltimore Crabs,false,Yellowstone Magic,false,false,3,,#593037,0x1F980,,#bf0043,0x2728,,,11,2,Wyatt Glover,,-1,0,Brock Forbes,0,0,Logan Rodriguez,Crabs,Magic,0,6,6,#b05c6b,#f60f63,97dfc1f6-ac94-4cdc-b0d5-1cb9f8984aa5,8adb084b-19fe-4295-bcd2-f92afdb62bd7,,,,,,e16c3f28-eecd-4571-be1a-606bbac36b2b
e10e1044-24dd-41c4-b5cf-2653064d1a1b,2021-03-10T05:05:42.61081Z,f690789c-1880-3d1f-7b2e-bd307a82f1b7,e10e1044-24dd-41c4-b5cf-2653064d1a1b,36,6,4ae9d46a-5408-460a-84fb-cbd8d03fff6c,false,1,12,12,0.5877933690339231,3,8d87c468-699a-47a8-b40d-cfb73a5660ad,0.412206630966077,3,7966eb04-efcc-499b-8f03-d13916330531,4,4,0,false,true,4,4,0,70,ff821670-6d1a-46fb-9399-621da1f047c5,0,Foul Ball. 0-2,-1,4,3,0,,,1,b67e9bbb-1495-4e1b-b517-f1444b0a6c8b,false,2,Baltimore Crabs,false,Yellowstone Magic,false,false,3,,#593037,0x1F980,,#bf0043,0x2728,,,11,2,Wyatt Glover,,-1,0,Brock Forbes,0,0,Logan Rodriguez,Crabs,Magic,0,6,6,#b05c6b,#f60f63,97dfc1f6-ac94-4cdc-b0d5-1cb9f8984aa5,8adb084b-19fe-4295-bcd2-f92afdb62bd7,,,,,,e16c3f28-eecd-4571-be1a-606bbac36b2b
e10e1044-24dd-41c4-b5cf-2653064d1a1b,2021-03-10T05:05:48.002001Z,b65a7bf7-b5df-0f6f-ccca-356e40b48fa5,e10e1044-24dd-41c4-b5cf-2653064d1a1b,36,6,4ae9d46a-5408-460a-84fb-cbd8d03fff6c,false,1,12,12,0.5877933690339231,3,8d87c468-699a-47a8-b40d-cfb73a5660ad,0.412206630966077,3,7966eb04-efcc-499b-8f03-d13916330531,4,4,0,false,true,4,4,0,71,ff821670-6d1a-46fb-9399-621da1f047c5,0,Foul Ball. 0-2,-1,4,3,0,,,1,b67e9bbb-1495-4e1b-b517-f1444b0a6c8b,false,2,Baltimore Crabs,false,Yellowstone Magic,false,false,3,,#593037,0x1F980,,#bf0043,0x2728,,,11,2,Wyatt Glover,,-1,0,Brock Forbes,0,0,Logan Rodriguez,Crabs,Magic,0,6,6,#b05c6b,#f60f63,97dfc1f6-ac94-4cdc-b0d5-1cb9f8984aa5,8adb084b-19fe-4295-bcd2-f92afdb62bd7,,,,,,e16c3f28-eecd-4571-be1a-606bbac36b2b
e10e1044-24dd-41c4-b5cf-2653064d1a1b,2021-03-10T05:05:52.60872Z,2de317e8-f05f-cabe-50cf-d331111689f6,e10e1044-24dd-41c4-b5cf-2653064d1a1b,36,6,4ae9d46a-5408-460a-84fb-cbd8d03fff6c,false,1,12,12,0.5877933690339231,3,8d87c468-699a-47a8-b40d-cfb73a5660ad,0.412206630966077,3,7966eb04-efcc-499b-8f03-d13916330531,4,4,0,false,true,4,4,0,72,ff821670-6d1a-46fb-9399-621da1f047c5,0,Foul Ball. 0-2,-1,4,3,0,,,1,b67e9bbb-1495-4e1b-b517-f1444b0a6c8b,false,2,Baltimore Crabs,false,Yellowstone Magic,false,false,3,,#593037,0x1F980,,#bf0043,0x2728,,,11,2,Wyatt Glover,,-1,0,Brock Forbes,0,0,Logan Rodriguez,Crabs,Magic,0,6,6,#b05c6b,#f60f63,97dfc1f6-ac94-4cdc-b0d5-1cb9f8984aa5,8adb084b-19fe-4295-bcd2-f92afdb62bd7,,,,,,e16c3f28-eecd-4571-be1a-606bbac36b2b
e10e1044-24dd-41c4-b5cf-2653064d1a1b,2021-03-10T05:05:58.608883Z,10d7b5c3-8a39-ff5b-5387-b4032828e953,e10e1044-24dd-41c4-b5cf-2653064d1a1b,36,6,4ae9d46a-5408-460a-84fb-cbd8d03fff6c,false,1,12,12,0.5877933690339231,3,8d87c468-699a-47a8-b40d-cfb73a5660ad,0.412206630966077,3,7966eb04-efcc-499b-8f03-d13916330531,4,4,0,false,true,4,4,0,73,ff821670-6d1a-46fb-9399-621da1f047c5,0,Foul Ball. 0-2,-1,4,3,0,,,1,b67e9bbb-1495-4e1b-b517-f1444b0a6c8b,false,2,Baltimore Crabs,false,Yellowstone Magic,false,false,3,,#593037,0x1F980,,#bf0043,0x2728,,,11,2,Wyatt Glover,,-1,0,Brock Forbes,0,0,Logan Rodriguez,Crabs,Magic,0,6,6,#b05c6b,#f60f63,97dfc1f6-ac94-4cdc-b0d5-1cb9f8984aa5,8adb084b-19fe-4295-bcd2-f92afdb62bd7,,,,,,e16c3f28-eecd-4571-be1a-606bbac36b2b
e10e1044-24dd-41c4-b5cf-2653064d1a1b,2021-03-10T05:06:02.611545Z,b7a2dc12-e130-d646-e03b-5c77da17f6c9,e10e1044-24dd-41c4-b5cf-2653064d1a1b,36,6,4ae9d46a-5408-460a-84fb-cbd8d03fff6c,false,1,12,12,0.5877933690339231,3,8d87c468-699a-47a8-b40d-cfb73a5660ad,0.412206630966077,3,7966eb04-efcc-499b-8f03-d13916330531,4,4,0,false,true,4,4,0,74,ff821670-6d1a-46fb-9399-621da1f047c5,0,Foul Ball. 0-2,-1,4,3,0,,,1,b67e9bbb-1495-4e1b-b517-f1444b0a6c8b,false,2,Baltimore Crabs,false,Yellowstone Magic,false,false,3,,#593037,0x1F980,,#bf0043,0x2728,,,11,2,Wyatt Glover,,-1,0,Brock Forbes,0,0,Logan Rodriguez,Crabs,Magic,0,6,6,#b05c6b,#f60f63,97dfc1f6-ac94-4cdc-b0d5-1cb9f8984aa5,8adb084b-19fe-4295-bcd2-f92afdb62bd7,,,,,,e16c3f28-eecd-4571-be1a-606bbac36b2b
e10e1044-24dd-41c4-b5cf-2653064d1a1b,2021-03-10T05:06:07.606875Z,b9f441bd-2547-135f-1ba0-7328aa680b7d,e10e1044-24dd-41c4-b5cf-2653064d1a1b,36,6,4ae9d46a-5408-460a-84fb-cbd8d03fff6c,false,1,12,12,0.5877933690339231,3,8d87c468-699a-47a8-b40d-cfb73a5660ad,0.412206630966077,3,7966eb04-efcc-499b-8f03-d13916330531,4,4,0,false,true,4,4,0,75,ff821670-6d1a-46fb-9399-621da1f047c5,0,Foul Ball. 0-2,-1,4,3,0,,,1,b67e9bbb-1495-4e1b-b517-f1444b0a6c8b,false,2,Baltimore Crabs,false,Yellowstone Magic,false,false,3,,#593037,0x1F980,,#bf0043,0x2728,,,11,2,Wyatt Glover,,-1,0,Brock Forbes,0,0,Logan Rodriguez,Crabs,Magic,0,6,6,#b05c6b,#f60f63,97dfc1f6-ac94-4cdc-b0d5-1cb9f8984aa5,8adb084b-19fe-4295-bcd2-f92afdb62bd7,,,,,,e16c3f28-eecd-4571-be1a-606bbac36b2b
e10e1044-24dd-41c4-b5cf-2653064d1a1b,2021-03-10T05:06:12.603674Z,1714d40d-ed04-4dc5-8726-e8b4323f6776,e10e1044-24dd-41c4-b5cf-2653064d1a1b,36,6,4ae9d46a-5408-460a-84fb-cbd8d03fff6c,false,1,12,12,0.5877933690339231,3,8d87c468-699a-47a8-b40d-cfb73a5660ad,0.412206630966077,3,7966eb04-efcc-499b-8f03-d13916330531,4,4,0,false,true,4,4,0,76,ff821670-6d1a-46fb-9399-621da1f047c5,0,Foul Ball. 0-2,-1,4,3,0,,,1,b67e9bbb-1495-4e1b-b517-f1444b0a6c8b,false,2,Baltimore Crabs,false,Yellowstone Magic,false,false,3,,#593037,0x1F980,,#bf0043,0x2728,,,11,2,Wyatt Glover,,-1,0,Brock Forbes,0,0,Logan Rodriguez,Crabs,Magic,0,6,6,#b05c6b,#f60f63,97dfc1f6-ac94-4cdc-b0d5-1cb9f8984aa5,8adb084b-19fe-4295-bcd2-f92afdb62bd7,,,,,,e16c3f28-eecd-4571-be1a-606bbac36b2b
e10e1044-24dd-41c4-b5cf-2653064d1a1b,2021-03-10T05:06:17.996073Z,c202a372-5070-b006-2bfc-32f645b235c8,e10e1044-24dd-41c4-b5cf-2653064d1a1b,36,6,4ae9d46a-5408-460a-84fb-cbd8d03fff6c,false,1,12,12,0.5877933690339231,3,8d87c468-699a-47a8-b40d-cfb73a5660ad,0.412206630966077,3,7966eb04-efcc-499b-8f03-d13916330531,4,4,0,false,true,4,4,0,77,ff821670-6d1a-46fb-9399-621da1f047c5,0,Foul Ball. 0-2,-1,4,3,0,,,1,b67e9bbb-1495-4e1b-b517-f1444b0a6c8b,false,2,Baltimore Crabs,false,Yellowstone Magic,false,false,3,,#593037,0x1F980,,#bf0043,0x2728,,,11,2,Wyatt Glover,,-1,0,Brock Forbes,0,0,Logan Rodriguez,Crabs,Magic,0,6,6,#b05c6b,#f60f63,97dfc1f6-ac94-4cdc-b0d5-1cb9f8984aa5,8adb084b-19fe-4295-bcd2-f92afdb62bd7,,,,,,e16c3f28-eecd-4571-be1a-606bbac36b2b
e10e1044-24dd-41c4-b5cf-2653064d1a1b,2021-03-10T05:06:23.00198Z,1b89af20-69d8-248e-e2af-5a12935e6f9f,e10e1044-24dd-41c4-b5cf-2653064d1a1b,36,6,4ae9d46a-5408-460a-84fb-cbd8d03fff6c,false,1,12,12,0.5877933690339231,3,8d87c468-699a-47a8-b40d-cfb73a5660ad,0.412206630966077,3,7966eb04-efcc-499b-8f03-d13916330531,4,4,0,false,true,4,4,0,78,ff821670-6d1a-46fb-9399-621da1f047c5,0,Foul Ball. 0-2,-1,4,3,0,,,1,b67e9bbb-1495-4e1b-b517-f1444b0a6c8b,false,2,Baltimore Crabs,false,Yellowstone Magic,false,false,3,,#593037,0x1F980,,#bf0043,0x2728,,,11,2,Wyatt Glover,,-1,0,Brock Forbes,0,0,Logan Rodriguez,Crabs,Magic,0,6,6,#b05c6b,#f60f63,97dfc1f6-ac94-4cdc-b0d5-1cb9f8984aa5,8adb084b-19fe-4295-bcd2-f92afdb62bd7,,,,,,e16c3f28-eecd-4571-be1a-606bbac36b2b
e10e1044-24dd-41c4-b5cf-2653064d1a1b,2021-03-10T05:06:28.617306Z,53d9ed3a-11dd-c128-05fe-c5cb4424b691,e10e1044-24dd-41c4-b5cf-2653064d1a1b,36,6,4ae9d46a-5408-460a-84fb-cbd8d03fff6c,false,1,12,12,0.5877933690339231,3,8d87c468-699a-47a8-b40d-cfb73a5660ad,0.412206630966077,3,7966eb04-efcc-499b-8f03-d13916330531,4,4,0,false,true,4,4,0,79,ff821670-6d1a-46fb-9399-621da1f047c5,0,Foul Ball. 0-2,-1,4,3,0,,,1,b67e9bbb-1495-4e1b-b517-f1444b0a6c8b,false,2,Baltimore Crabs,false,Yellowstone Magic,false,false,3,,#593037,0x1F980,,#bf0043,0x2728,,,11,2,Wyatt Glover,,-1,0,Brock Forbes,0,0,Logan Rodriguez,Crabs,Magic,0,6,6,#b05c6b,#f60f63,97dfc1f6-ac94-4cdc-b0d5-1cb9f8984aa5,8adb084b-19fe-4295-bcd2-f92afdb62bd7,,,,,,e16c3f28-eecd-4571-be1a-606bbac36b2b
e10e1044-24dd-41c4-b5cf-2653064d1a1b,2021-03-10T05:06:33.609104Z,dcd3d33d-38af-8a1f-9ea3-7d7749aea9f6,e10e1044-24dd-41c4-b5cf-2653064d1a1b,36,6,4ae9d46a-5408-460a-84fb-cbd8d03fff6c,false,1,12,12,0.5877933690339231,3,8d87c468-699a-47a8-b40d-cfb73a5660ad,0.412206630966077,3,7966eb04-efcc-499b-8f03-d13916330531,4,4,0,false,true,4,4,0,80,ff821670-6d1a-46fb-9399-621da1f047c5,0,Foul Ball. 0-2,-1,4,3,0,,,1,b67e9bbb-1495-4e1b-b517-f1444b0a6c8b,false,2,Baltimore Crabs,false,Yellowstone Magic,false,false,3,,#593037,0x1F980,,#bf0043,0x2728,,,11,2,Wyatt Glover,,-1,0,Brock Forbes,0,0,Logan Rodriguez,Crabs,Magic,0,6,6,#b05c6b,#f60f63,97dfc1f6-ac94-4cdc-b0d5-1cb9f8984aa5,8adb084b-19fe-4295-bcd2-f92afdb62bd7,,,,,,e16c3f28-eecd-4571-be1a-606bbac36b2b
e10e1044-24dd-41c4-b5cf-2653064d1a1b,2021-03-10T05:06:38.608509Z,25bfbfc8-b3c7-b5b8-9fa3-2e756fcb97c7,e10e1044-24dd-41c4-b5cf-2653064d1a1b,36,6,4ae9d46a-5408-460a-84fb-cbd8d03fff6c,false,1,12,12,0.5877933690339231,3,8d87c468-699a-47a8-b40d-cfb73a5660ad,0.412206630966077,3,7966eb04-efcc-499b-8f03-d13916330531,4,4,0,false,true,4,4,0,81,ff821670-6d1a-46fb-9399-621da1f047c5,0,Foul Ball. 0-2,-1,4,3,0,,,1,b67e9bbb-1495-4e1b-b517-f1444b0a6c8b,false,2,Baltimore Crabs,false,Yellowstone Magic,false,false,3,,#593037,0x1F980,,#bf0043,0x2728,,,11,2,Wyatt Glover,,-1,0,Brock Forbes,0,0,Logan Rodriguez,Crabs,Magic,0,6,6,#b05c6b,#f60f63,97dfc1f6-ac94-4cdc-b0d5-1cb9f8984aa5,8adb084b-19fe-4295-bcd2-f92afdb62bd7,,,,,,e16c3f28-eecd-4571-be1a-606bbac36b2b
e10e1044-24dd-41c4-b5cf-2653064d1a1b,2021-03-10T05:06:43.610211Z,e03866e5-c37d-335b-884a-cb112107805a,e10e1044-24dd-41c4-b5cf-2653064d1a1b,36,6,4ae9d46a-5408-460a-84fb-cbd8d03fff6c,false,1,12,12,0.5877933690339231,3,8d87c468-699a-47a8-b40d-cfb73a5660ad,0.412206630966077,3,7966eb04-efcc-499b-8f03-d13916330531,4,4,0,false,true,4,4,0,82,ff821670-6d1a-46fb-9399-621da1f047c5,0,Foul Ball. 0-2,-1,4,3,0,,,1,b67e9bbb-1495-4e1b-b517-f1444b0a6c8b,false,2,Baltimore Crabs,false,Yellowstone Magic,false,false,3,,#593037,0x1F980,,#bf0043,0x2728,,,11,2,Wyatt Glover,,-1,0,Brock Forbes,0,0,Logan Rodriguez,Crabs,Magic,0,6,6,#b05c6b,#f60f63,97dfc1f6-ac94-4cdc-b0d5-1cb9f8984aa5,8adb084b-19fe-4295-bcd2-f92afdb62bd7,,,,,,e16c3f28-eecd-4571-be1a-606bbac36b2b
e10e1044-24dd-41c4-b5cf-2653064d1a1b,2021-03-10T05:06:48.003166Z,a173bcdd-2646-7227-78f4-22f7bf9a1cba,e10e1044-24dd-41c4-b5cf-2653064d1a1b,36,6,4ae9d46a-5408-460a-84fb-cbd8d03fff6c,false,1,12,12,0.5877933690339231,3,8d87c468-699a-47a8-b40d-cfb73a5660ad,0.412206630966077,3,7966eb04-efcc-499b-8f03-d13916330531,4,4,0,false,true,4,4,0,83,ff821670-6d1a-46fb-9399-621da1f047c5,0,Foul Ball. 0-2,-1,4,3,0,,,1,b67e9bbb-1495-4e1b-b517-f1444b0a6c8b,false,2,Baltimore Crabs,false,Yellowstone Magic,false,false,3,,#593037,0x1F980,,#bf0043,0x2728,,,11,2,Wyatt Glover,,-1,0,Brock Forbes,0,0,Logan Rodriguez,Crabs,Magic,0,6,6,#b05c6b,#f60f63,97dfc1f6-ac94-4cdc-b0d5-1cb9f8984aa5,8adb084b-19fe-4295-bcd2-f92afdb62bd7,,,,,,e16c3f28-eecd-4571-be1a-606bbac36b2b
e10e1044-24dd-41c4-b5cf-2653064d1a1b,2021-03-10T05:06:53.609623Z,0c9cc0a6-b47a-c7b1-56db-c28f50e43fb4,e10e1044-24dd-41c4-b5cf-2653064d1a1b,36,6,4ae9d46a-5408-460a-84fb-cbd8d03fff6c,false,1,12,12,0.5877933690339231,3,8d87c468-699a-47a8-b40d-cfb73a5660ad,0.412206630966077,3,7966eb04-efcc-499b-8f03-d13916330531,4,4,0,false,true,4,4,0,84,ff821670-6d1a-46fb-9399-621da1f047c5,0,Foul Ball. 0-2,-1,4,3,0,,,1,b67e9bbb-1495-4e1b-b517-f1444b0a6c8b,false,2,Baltimore Crabs,false,Yellowstone Magic,false,false,3,,#593037,0x1F980,,#bf0043,0x2728,,,11,2,Wyatt Glover,,-1,0,Brock Forbes,0,0,Logan Rodriguez,Crabs,Magic,0,6,6,#b05c6b,#f60f63,97dfc1f6-ac94-4cdc-b0d5-1cb9f8984aa5,8adb084b-19fe-4295-bcd2-f92afdb62bd7,,,,,,e16c3f28-eecd-4571-be1a-606bbac36b2b
e10e1044-24dd-41c4-b5cf-2653064d1a1b,2021-03-10T05:06:58.605267Z,d9be0dcd-3c88-40a3-4f26-c865dd10e487,e10e1044-24dd-41c4-b5cf-2653064d1a1b,36,6,4ae9d46a-5408-460a-84fb-cbd8d03fff6c,false,1,12,12,0.5877933690339231,3,8d87c468-699a-47a8-b40d-cfb73a5660ad,0.412206630966077,3,7966eb04-efcc-499b-8f03-d13916330531,4,4,0,false,true,4,4,0,85,ff821670-6d1a-46fb-9399-621da1f047c5,0,Foul Ball. 0-2,-1,4,3,0,,,1,b67e9bbb-1495-4e1b-b517-f1444b0a6c8b,false,2,Baltimore Crabs,false,Yellowstone Magic,false,false,3,,#593037,0x1F980,,#bf0043,0x2728,,,11,2,Wyatt Glover,,-1,0,Brock Forbes,0,0,Logan Rodriguez,Crabs,Magic,0,6,6,#b05c6b,#f60f63,97dfc1f6-ac94-4cdc-b0d5-1cb9f8984aa5,8adb084b-19fe-4295-bcd2-f92afdb62bd7,,,,,,e16c3f28-eecd-4571-be1a-606bbac36b2b
e10e1044-24dd-41c4-b5cf-2653064d1a1b,2021-03-10T05:07:03.615474Z,7e7f926d-86d1-ad28-ff4f-daa13cd6f19b,e10e1044-24dd-41c4-b5cf-2653064d1a1b,36,6,4ae9d46a-5408-460a-84fb-cbd8d03fff6c,false,1,12,12,0.5877933690339231,3,8d87c468-699a-47a8-b40d-cfb73a5660ad,0.412206630966077,3,7966eb04-efcc-499b-8f03-d13916330531,4,4,0,false,true,4,4,0,86,ff821670-6d1a-46fb-9399-621da1f047c5,0,Foul Ball. 0-2,-1,4,3,0,,,1,b67e9bbb-1495-4e1b-b517-f1444b0a6c8b,false,2,Baltimore Crabs,false,Yellowstone Magic,false,false,3,,#593037,0x1F980,,#bf0043,0x2728,,,11,2,Wyatt Glover,,-1,0,Brock Forbes,0,0,Logan Rodriguez,Crabs,Magic,0,6,6,#b05c6b,#f60f63,97dfc1f6-ac94-4cdc-b0d5-1cb9f8984aa5,8adb084b-19fe-4295-bcd2-f92afdb62bd7,,,,,,e16c3f28-eecd-4571-be1a-606bbac36b2b
e10e1044-24dd-41c4-b5cf-2653064d1a1b,2021-03-10T05:07:07.996546Z,c15b59e2-9172-fee8-83bf-d5b2504a8084,e10e1044-24dd-41c4-b5cf-2653064d1a1b,36,6,4ae9d46a-5408-460a-84fb-cbd8d03fff6c,false,1,12,12,0.5877933690339231,3,8d87c468-699a-47a8-b40d-cfb73a5660ad,0.412206630966077,3,7966eb04-efcc-499b-8f03-d13916330531,4,4,0,false,true,4,4,0,87,ff821670-6d1a-46fb-9399-621da1f047c5,0,Foul Ball. 0-2,-1,4,3,0,,,1,b67e9bbb-1495-4e1b-b517-f1444b0a6c8b,false,2,Baltimore Crabs,false,Yellowstone Magic,false,false,3,,#593037,0x1F980,,#bf0043,0x2728,,,11,2,Wyatt Glover,,-1,0,Brock Forbes,0,0,Logan Rodriguez,Crabs,Magic,0,6,6,#b05c6b,#f60f63,97dfc1f6-ac94-4cdc-b0d5-1cb9f8984aa5,8adb084b-19fe-4295-bcd2-f92afdb62bd7,,,,,,e16c3f28-eecd-4571-be1a-606bbac36b2b
e10e1044-24dd-41c4-b5cf-2653064d1a1b,2021-03-10T05:07:13.018746Z,5bc10155-993b-9460-b337-0abf9a089f6c,e10e1044-24dd-41c4-b5cf-2653064d1a1b,36,3,4ae9d46a-5408-460a-84fb-cbd8d03fff6c,false,1,12,12,0.5877933690339231,3,8d87c468-699a-47a8-b40d-cfb73a5660ad,0.412206630966077,3,7966eb04-efcc-499b-8f03-d13916330531,4,4,0,false,true,4,4,0,88,ff821670-6d1a-46fb-9399-621da1f047c5,0,Wyatt Glover hit a flyout to Silvaire Roadhouse.,-1,4,3,0,,,1,b67e9bbb-1495-4e1b-b517-f1444b0a6c8b,false,0,Baltimore Crabs,false,Yellowstone Magic,false,false,3,,#593037,0x1F980,,#bf0043,0x2728,,,11,0,,,-1,0,Brock Forbes,0,0,Logan Rodriguez,Crabs,Magic,0,6,6,#b05c6b,#f60f63,97dfc1f6-ac94-4cdc-b0d5-1cb9f8984aa5,8adb084b-19fe-4295-bcd2-f92afdb62bd7,,,,,,
e10e1044-24dd-41c4-b5cf-2653064d1a1b,2021-03-10T05:07:18.608772Z,5e586b5f-47da-50e8-8ccb-61ec39ce9c7b,e10e1044-24dd-41c4-b5cf-2653064d1a1b,36,2,4ae9d46a-5408-460a-84fb-cbd8d03fff6c,false,1,12,12,0.5877933690339231,3,8d87c468-699a-47a8-b40d-cfb73a5660ad,0.412206630966077,3,7966eb04-efcc-499b-8f03-d13916330531,4,4,0,false,true,4,4,0,89,ff821670-6d1a-46fb-9399-621da1f047c5,0,Inning 2 is now an Outing.,-1,4,3,0,,,1,b67e9bbb-1495-4e1b-b517-f1444b0a6c8b,false,0,Baltimore Crabs,false,Yellowstone Magic,false,false,3,,#593037,0x1F980,,#bf0043,0x2728,,,11,0,,,-1,0,Brock Forbes,0,0,Logan Rodriguez,Crabs,Magic,0,6,6,#b05c6b,#f60f63,97dfc1f6-ac94-4cdc-b0d5-1cb9f8984aa5,8adb084b-19fe-4295-bcd2-f92afdb62bd7,,,,,,
e10e1044-24dd-41c4-b5cf-2653064d1a1b,2021-03-10T05:07:23.611243Z,a1449bf3-9793-39e9-dbe2-2fcb60467d89,e10e1044-24dd-41c4-b5cf-2653064d1a1b,36,6,4ae9d46a-5408-460a-84fb-cbd8d03fff6c,false,2,12,12,0.5877933690339231,3,8d87c468-699a-47a8-b40d-cfb73a5660ad,0.412206630966077,3,7966eb04-efcc-499b-8f03-d13916330531,4,4,0,false,true,4,4,0,90,ff821670-6d1a-46fb-9399-621da1f047c5,0,"Top of 3, Baltimore Crabs batting.",-1,4,3,0,,,1,b67e9bbb-1495-4e1b-b517-f1444b0a6c8b,true,0,Baltimore Crabs,false,Yellowstone Magic,false,false,3,,#593037,0x1F980,,#bf0043,0x2728,,,12,0,,,-1,0,Brock Forbes,0,0,Logan Rodriguez,Crabs,Magic,0,6,6,#b05c6b,#f60f63,97dfc1f6-ac94-4cdc-b0d5-1cb9f8984aa5,8adb084b-19fe-4295-bcd2-f92afdb62bd7,,,,,,
e10e1044-24dd-41c4-b5cf-2653064d1a1b,2021-03-10T05:07:28.702575Z,1e953eb2-ee2c-d5a3-12f0-c3cff1e4d626,e10e1044-24dd-41c4-b5cf-2653064d1a1b,36,6,4ae9d46a-5408-460a-84fb-cbd8d03fff6c,false,2,12,12,0.5877933690339231,3,8d87c468-699a-47a8-b40d-cfb73a5660ad,0.412206630966077,3,7966eb04-efcc-499b-8f03-d13916330531,4,4,0,false,true,4,4,0,91,ff821670-6d1a-46fb-9399-621da1f047c5,0,Forrest Best batting for the Crabs.,-1,4,3,0,,,1,b67e9bbb-1495-4e1b-b517-f1444b0a6c8b,true,0,Baltimore Crabs,false,Yellowstone Magic,false,false,3,,#593037,0x1F980,,#bf0043,0x2728,Forrest Best,,12,0,,,-1,0,Brock Forbes,0,0,Logan Rodriguez,Crabs,Magic,0,7,6,#b05c6b,#f60f63,97dfc1f6-ac94-4cdc-b0d5-1cb9f8984aa5,8adb084b-19fe-4295-bcd2-f92afdb62bd7,d35ccee1-9559-49a1-aaa4-7809f7b5c46e,,,,,
e10e1044-24dd-41c4-b5cf-2653064d1a1b,2021-03-10T05:07:33.646423Z,a1172f75-a8a3-5d3e-5d68-57a697315646,e10e1044-24dd-41c4-b5cf-2653064d1a1b,36,6,4ae9d46a-5408-460a-84fb-cbd8d03fff6c,false,2,12,12,0.5877933690339231,3,8d87c468-699a-47a8-b40d-cfb73a5660ad,0.412206630966077,3,7966eb04-efcc-499b-8f03-d13916330531,4,4,0,false,true,4,4,0,92,ff821670-6d1a-46fb-9399-621da1f047c5,0,"Strike, flinching. 0-1",-1,4,3,0,,,1,b67e9bbb-1495-4e1b-b517-f1444b0a6c8b,true,1,Baltimore Crabs,false,Yellowstone Magic,false,false,3,,#593037,0x1F980,,#bf0043,0x2728,Forrest Best,,12,0,,,-1,0,Brock Forbes,0,0,Logan Rodriguez,Crabs,Magic,0,7,6,#b05c6b,#f60f63,97dfc1f6-ac94-4cdc-b0d5-1cb9f8984aa5,8adb084b-19fe-4295-bcd2-f92afdb62bd7,d35ccee1-9559-49a1-aaa4-7809f7b5c46e,,,,,
e10e1044-24dd-41c4-b5cf-2653064d1a1b,2021-03-10T05:07:38.609833Z,9aa1f2c8-a362-2240-7905-5fd633b1bfd3,e10e1044-24dd-41c4-b5cf-2653064d1a1b,36,6,4ae9d46a-5408-460a-84fb-cbd8d03fff6c,false,2,12,12,0.5877933690339231,3,8d87c468-699a-47a8-b40d-cfb73a5660ad,0.412206630966077,3,7966eb04-efcc-499b-8f03-d13916330531,4,4,0,false,true,4,4,0,93,ff821670-6d1a-46fb-9399-621da1f047c5,0,Forrest Best hit a flyout to Bevan Wise.,-1,4,3,0,,,1,b67e9bbb-1495-4e1b-b517-f1444b0a6c8b,true,0,Baltimore Crabs,false,Yellowstone Magic,false,false,3,,#593037,0x1F980,,#bf0043,0x2728,,,12,1,,,-1,0,Brock Forbes,0,0,Logan Rodriguez,Crabs,Magic,0,7,6,#b05c6b,#f60f63,97dfc1f6-ac94-4cdc-b0d5-1cb9f8984aa5,8adb084b-19fe-4295-bcd2-f92afdb62bd7,,,,,,
e10e1044-24dd-41c4-b5cf-2653064d1a1b,2021-03-10T05:07:43.608603Z,4fcf2635-be29-1207-3562-fe1e96727f05,e10e1044-24dd-41c4-b5cf-2653064d1a1b,36,6,4ae9d46a-5408-460a-84fb-cbd8d03fff6c,false,2,12,12,0.5877933690339231,3,8d87c468-699a-47a8-b40d-cfb73a5660ad,0.412206630966077,3,7966eb04-efcc-499b-8f03-d13916330531,4,4,0,false,true,4,4,0,94,ff821670-6d1a-46fb-9399-621da1f047c5,0,Kennedy Loser batting for the Crabs.,-1,4,3,0,,,1,b67e9bbb-1495-4e1b-b517-f1444b0a6c8b,true,0,Baltimore Crabs,false,Yellowstone Magic,false,false,3,,#593037,0x1F980,,#bf0043,0x2728,Kennedy Loser,,12,1,,,-1,0,Brock Forbes,0,0,Logan Rodriguez,Crabs,Magic,0,8,6,#b05c6b,#f60f63,97dfc1f6-ac94-4cdc-b0d5-1cb9f8984aa5,8adb084b-19fe-4295-bcd2-f92afdb62bd7,84a2b5f6-4955-4007-9299-3d35ae7135d3,,,,,
e10e1044-24dd-41c4-b5cf-2653064d1a1b,2021-03-10T05:07:48.609425Z,cde5556d-9a0a-b549-ba60-897528cf9d24,e10e1044-24dd-41c4-b5cf-2653064d1a1b,36,6,4ae9d46a-5408-460a-84fb-cbd8d03fff6c,false,2,12,12,0.5877933690339231,3,8d87c468-699a-47a8-b40d-cfb73a5660ad,0.412206630966077,3,7966eb04-efcc-499b-8f03-d13916330531,4,4,0,false,true,4,4,0,95,ff821670-6d1a-46fb-9399-621da1f047c5,0,"Strike, flinching. 0-1",-1,4,3,0,,,1,b67e9bbb-1495-4e1b-b517-f1444b0a6c8b,true,1,Baltimore Crabs,false,Yellowstone Magic,false,false,3,,#593037,0x1F980,,#bf0043,0x2728,Kennedy Loser,,12,1,,,-1,0,Brock Forbes,0,0,Logan Rodriguez,Crabs,Magic,0,8,6,#b05c6b,#f60f63,97dfc1f6-ac94-4cdc-b0d5-1cb9f8984aa5,8adb084b-19fe-4295-bcd2-f92afdb62bd7,84a2b5f6-4955-4007-9299-3d35ae7135d3,,,,,
e10e1044-24dd-41c4-b5cf-2653064d1a1b,2021-03-10T05:07:53.610204Z,2244ac6d-699e-f25c-ffd6-c89ae9c286a1,e10e1044-24dd-41c4-b5cf-2653064d1a1b,36,6,4ae9d46a-5408-460a-84fb-cbd8d03fff6c,false,2,12,12,0.5877933690339231,3,8d87c468-699a-47a8-b40d-cfb73a5660ad,0.412206630966077,3,7966eb04-efcc-499b-8f03-d13916330531,4,4,0,false,true,4,4,0,96,ff821670-6d1a-46fb-9399-621da1f047c5,0,Kennedy Loser hit a ground out to Oscar Dollie.,-1,4,3,0,,,1,b67e9bbb-1495-4e1b-b517-f1444b0a6c8b,true,0,Baltimore Crabs,false,Yellowstone Magic,false,false,3,,#593037,0x1F980,,#bf0043,0x2728,,,12,2,,,-1,0,Brock Forbes,0,0,Logan Rodriguez,Crabs,Magic,0,8,6,#b05c6b,#f60f63,97dfc1f6-ac94-4cdc-b0d5-1cb9f8984aa5,8adb084b-19fe-4295-bcd2-f92afdb62bd7,,,,,,
e10e1044-24dd-41c4-b5cf-2653064d1a1b,2021-03-10T05:07:58.678276Z,2b0ca9cd-e777-f72b-523d-4c5061d26a8f,e10e1044-24dd-41c4-b5cf-2653064d1a1b,36,6,4ae9d46a-5408-460a-84fb-cbd8d03fff6c,false,2,12,12,0.5877933690339231,3,8d87c468-699a-47a8-b40d-cfb73a5660ad,0.412206630966077,3,7966eb04-efcc-499b-8f03-d13916330531,4,4,0,false,true,4,4,0,97,ff821670-6d1a-46fb-9399-621da1f047c5,0,Squid Galvanic batting for the Crabs.,-1,4,3,0,,,1,b67e9bbb-1495-4e1b-b517-f1444b0a6c8b,true,0,Baltimore Crabs,false,Yellowstone Magic,false,false,3,,#593037,0x1F980,,#bf0043,0x2728,Squid Galvanic,,12,2,,,-1,0,Brock Forbes,0,0,Logan Rodriguez,Crabs,Magic,0,9,6,#b05c6b,#f60f63,97dfc1f6-ac94-4cdc-b0d5-1cb9f8984aa5,8adb084b-19fe-4295-bcd2-f92afdb62bd7,61bbbf34-98c1-4bf6-bd0c-56c19199b35e,,,,,
e10e1044-24dd-41c4-b5cf-2653064d1a1b,2021-03-10T05:08:03.608549Z,5b6b8b41-2956-1676-73e7-72617a46ce90,e10e1044-24dd-41c4-b5cf-2653064d1a1b,36,6,4ae9d46a-5408-460a-84fb-cbd8d03fff6c,false,2,12,12,0.5877933690339231,3,8d87c468-699a-47a8-b40d-cfb73a5660ad,0.412206630966077,3,7966eb04-efcc-499b-8f03-d13916330531,4,4,0,false,true,4,4,0,98,ff821670-6d1a-46fb-9399-621da1f047c5,0,Squid Galvanic hits a Single!,-1,4,3,0,,,1,b67e9bbb-1495-4e1b-b517-f1444b0a6c8b,true,0,Baltimore Crabs,false,Yellowstone Magic,false,false,3,,#593037,0x1F980,,#bf0043,0x2728,,,12,2,,,-1,0,Brock Forbes,1,0,Logan Rodriguez,Crabs,Magic,0,9,6,#b05c6b,#f60f63,97dfc1f6-ac94-4cdc-b0d5-1cb9f8984aa5,8adb084b-19fe-4295-bcd2-f92afdb62bd7,,61bbbf34-98c1-4bf6-bd0c-56c19199b35e,0,,Squid Galvanic,
e10e1044-24dd-41c4-b5cf-2653064d1a1b,2021-03-10T05:08:08.607258Z,cfa9b3a8-f3fc-ddb6-3a68-4918854a55d9,e10e1044-24dd-41c4-b5cf-2653064d1a1b,36,6,4ae9d46a-5408-460a-84fb-cbd8d03fff6c,false,2,12,12,0.5877933690339231,3,8d87c468-699a-47a8-b40d-cfb73a5660ad,0.412206630966077,3,7966eb04-efcc-499b-8f03-d13916330531,4,4,0,false,true,4,4,0,99,ff821670-6d1a-46fb-9399-621da1f047c5,0,Tot Fox batting for the Crabs.,-1,4,3,0,,,1,b67e9bbb-1495-4e1b-b517-f1444b0a6c8b,true,0,Baltimore Crabs,false,Yellowstone Magic,false,false,3,,#593037,0x1F980,,#bf0043,0x2728,Tot Fox,,12,2,,,-1,0,Brock Forbes,1,0,Logan Rodriguez,Crabs,Magic,0,10,6,#b05c6b,#f60f63,97dfc1f6-ac94-4cdc-b0d5-1cb9f8984aa5,8adb084b-19fe-4295-bcd2-f92afdb62bd7,90c2cec7-0ed5-426a-9de8-754f34d59b39,61bbbf34-98c1-4bf6-bd0c-56c19199b35e,0,,Squid Galvanic,
